CandidateId,OriginalPath,ExpectedSha256,Action,Label,GroupId,Notes
"I0001","C:\Users\omard\source\repos\RecepcionDocumental\RecepcionDocumental\tools\DocumentAiProbe\H1D3A2i_Imagenes_Historicas_Revision\_candidatos_locales\I0001_Launch.png","5EAC3DD7134262EC7667AFFD27336A78CCB94C616157B186FF964556F9635BB7","ADD","NO_DOCUMENTO","publicidad-samsung-galaxy","Pieza publicitaria Samsung Galaxy."
"I0002","C:\Users\omard\source\repos\RecepcionDocumental\RecepcionDocumental\tools\DocumentAiProbe\H1D3A2i_Imagenes_Historicas_Revision\_candidatos_locales\I0002_Launch-1.jpg","6B25FE2F33F7C0CCDD70A984E0909106A5C94E0CCE1BDAD228AA9E0BEB85D2D6","SKIP","NO_DOCUMENTO","publicidad-samsung-galaxy","Misma campaña Samsung ya representada por I0001."
"I0003","C:\Users\omard\source\repos\RecepcionDocumental\RecepcionDocumental\tools\DocumentAiProbe\H1D3A2i_Imagenes_Historicas_Revision\_candidatos_locales\I0003_Launch-02.jpg","64C2B1C583E734969EE3924E1BA24D83D4DA90D141A0E35D8090CEDC2F275DC8","SKIP","NO_DOCUMENTO","publicidad-samsung-galaxy","Misma campaña Samsung ya representada por I0001."
"I0004","C:\Users\omard\source\repos\RecepcionDocumental\RecepcionDocumental\tools\DocumentAiProbe\H1D3A2i_Imagenes_Historicas_Revision\_candidatos_locales\I0004_Launch-03.jpg","88E13D1C67F8428AB44E323FE3E8296AFC9005BC0C673DD9DDA43BF1A266C3EE","SKIP","NO_DOCUMENTO","publicidad-samsung-galaxy","Misma campaña Samsung ya representada por I0001."
"I0005","C:\Users\omard\source\repos\RecepcionDocumental\RecepcionDocumental\tools\DocumentAiProbe\H1D3A2i_Imagenes_Historicas_Revision\_candidatos_locales\I0005_Launch-04.jpg","C3E406BCE65D330703C59292D3A8F7A08FEB0E38F97539331C52637C7ED2389E","SKIP","NO_DOCUMENTO","publicidad-samsung-galaxy","Misma campaña Samsung ya representada por I0001."
"I0006","C:\Users\omard\source\repos\RecepcionDocumental\RecepcionDocumental\tools\DocumentAiProbe\H1D3A2i_Imagenes_Historicas_Revision\_candidatos_locales\I0006_image001.png","4AA692A94759E1F431C7F170D7194BD10D99DC221BB5B63BD9A9654AA70A7515","ADD","NO_DOCUMENTO","branding-bunge","Logo y branding Bunge."
"I0007","C:\Users\omard\source\repos\RecepcionDocumental\RecepcionDocumental\tools\DocumentAiProbe\H1D3A2i_Imagenes_Historicas_Revision\_candidatos_locales\I0007_image002.png","09FA512D0268E721B912C8D816EB01D29B16E440ADDC96B967A462DAAAF784DA","ADD","NO_DOCUMENTO","capturas-error-edms","Captura de error operativo EDMS."
"I0008","C:\Users\omard\source\repos\RecepcionDocumental\RecepcionDocumental\tools\DocumentAiProbe\H1D3A2i_Imagenes_Historicas_Revision\_candidatos_locales\I0008_map.png","747D709BEB739A055EA44195F2E1A4E05A5DF8C632FD9A76C9A3FD1927358DE4","SKIP","NO_DOCUMENTO","mapas-viajes","Familia de mapas Cabify ya presente."
"I0009","C:\Users\omard\source\repos\RecepcionDocumental\RecepcionDocumental\tools\DocumentAiProbe\H1D3A2i_Imagenes_Historicas_Revision\_candidatos_locales\I0009_RenaperLogo.png","A881A4460A42E2C5B06E833B3B6B6A7EE43EC358EDBDB48C3B3BD7B7F6643710","ADD","NO_DOCUMENTO","branding-renaper","Logo y branding RENAPER."
"I0010","C:\Users\omard\source\repos\RecepcionDocumental\RecepcionDocumental\tools\DocumentAiProbe\H1D3A2i_Imagenes_Historicas_Revision\_candidatos_locales\I0010_MacroSolucionesLogo.png","753A5F9CB6DA0C6A6DA12898B5A927672EBFB1D4F5B0BFC67650EB7788AE8FA5","SKIP","NO_DOCUMENTO","branding-renaper","Mismo contexto de branding RENAPER representado por I0009."
"I0011","C:\Users\omard\source\repos\RecepcionDocumental\RecepcionDocumental\tools\DocumentAiProbe\H1D3A2i_Imagenes_Historicas_Revision\_candidatos_locales\I0011_image002.png","1BEF2F3AE50C3BC29845C68D36F5DD38B7543F3D074D533D5313004D9F23B52C","SKIP","NO_DOCUMENTO","firma-banco","Firmas Banco Patagonia; familia ya representada."
"I0012","C:\Users\omard\source\repos\RecepcionDocumental\RecepcionDocumental\tools\DocumentAiProbe\H1D3A2i_Imagenes_Historicas_Revision\_candidatos_locales\I0012_image003.png","254E19E1E6AD0A3C080D8D6F95F7986864AC5CC4213657BD36B8A24BFB017E4A","SKIP","NO_DOCUMENTO","firma-banco","Firmas Banco Patagonia; familia ya representada."
"I0013","C:\Users\omard\source\repos\RecepcionDocumental\RecepcionDocumental\tools\DocumentAiProbe\H1D3A2i_Imagenes_Historicas_Revision\_candidatos_locales\I0013_68828e68d0f73_1aae232460798e6@sidekiq-default-6584547c8d-9vhmd.png","3693F472356F73C20D0826CF67CB21157039D72F6049580544F07C8D583A63BC","SKIP","NO_DOCUMENTO","mapas-viajes","Familia de mapas Cabify ya presente."
"I0014","C:\Users\omard\source\repos\RecepcionDocumental\RecepcionDocumental\tools\DocumentAiProbe\H1D3A2i_Imagenes_Historicas_Revision\_candidatos_locales\I0014_688286045c627_16f05456586ec@sidekiq-default-6584547c8d-lcg6f.png","B09A885C65A21909FE9FC3C31F4D1AD1A65076DDD95977770DFDBED7E93F6C0B","SKIP","NO_DOCUMENTO","mapas-viajes","Familia de mapas Cabify ya presente."
"I0015","C:\Users\omard\source\repos\RecepcionDocumental\RecepcionDocumental\tools\DocumentAiProbe\H1D3A2i_Imagenes_Historicas_Revision\_candidatos_locales\I0015_image001.png","1DA7D9D8EC4A036A173A05FE1D2FA66518C14A671084E4C18B33BE5C2EB1A848","SKIP","NO_DOCUMENTO","capturas-error-edms","Errores EDMS representados por I0007."
"I0016","C:\Users\omard\source\repos\RecepcionDocumental\RecepcionDocumental\tools\DocumentAiProbe\H1D3A2i_Imagenes_Historicas_Revision\_candidatos_locales\I0016_image003.png","8BD28E966FF4F7168277DBDFA7DCBA0386B2828B6D23AD84A110F5AE604FE08A","SKIP","NO_DOCUMENTO","branding-redes-sociales-edms","Iconos y recursos auxiliares de firma."
"I0017","C:\Users\omard\source\repos\RecepcionDocumental\RecepcionDocumental\tools\DocumentAiProbe\H1D3A2i_Imagenes_Historicas_Revision\_candidatos_locales\I0017_image004.png","49AB21103C83C5C531F433B946C0FFCD715233BF6849A192F3AD14C50B312C64","SKIP","NO_DOCUMENTO","branding-redes-sociales-edms","Iconos y recursos auxiliares de firma."
"I0018","C:\Users\omard\source\repos\RecepcionDocumental\RecepcionDocumental\tools\DocumentAiProbe\H1D3A2i_Imagenes_Historicas_Revision\_candidatos_locales\I0018_image005.png","BBA3AC8D466C0D348ABE4D18374E14A2626194A673180777CE1FB0703E059D8E","SKIP","NO_DOCUMENTO","branding-redes-sociales-edms","Iconos y recursos auxiliares de firma."
"I0019","C:\Users\omard\source\repos\RecepcionDocumental\RecepcionDocumental\tools\DocumentAiProbe\H1D3A2i_Imagenes_Historicas_Revision\_candidatos_locales\I0019_image003.png","67BFA0CAE76180DA5ABBCB1C7FD0CBD2F86875B8D7AC817F362A2DDF74C4A669","SKIP","NO_DOCUMENTO","capturas-sistema-edms","Pantallas e interfaz EDMS de una misma familia."
"I0020","C:\Users\omard\source\repos\RecepcionDocumental\RecepcionDocumental\tools\DocumentAiProbe\H1D3A2i_Imagenes_Historicas_Revision\_candidatos_locales\I0020_image004.png","1FDECB34F052825D530AEED6849923B06701067029E51DDA12882E24E2F5A008","SKIP","NO_DOCUMENTO","capturas-sistema-edms","Pantallas e interfaz EDMS de una misma familia."
"I0021","C:\Users\omard\source\repos\RecepcionDocumental\RecepcionDocumental\tools\DocumentAiProbe\H1D3A2i_Imagenes_Historicas_Revision\_candidatos_locales\I0021_image004.png","35784F288939B0D8F196CB8646314FE710549A870D08E33C8E974D21EABBA0D1","ADD","OTRO_DOCUMENTO","otro-ticket-servicio-cold","Ticket o solicitud administrativa real."
"I0022","C:\Users\omard\source\repos\RecepcionDocumental\RecepcionDocumental\tools\DocumentAiProbe\H1D3A2i_Imagenes_Historicas_Revision\_candidatos_locales\I0022_image002.png","5BE7043CF8C75B689FFC94D1818DC3EB3474784E1920AC9D73DB996C82EC20FA","SKIP","NO_DOCUMENTO","firma-banco","Firmas Banco Patagonia; familia ya representada."
"I0023","C:\Users\omard\source\repos\RecepcionDocumental\RecepcionDocumental\tools\DocumentAiProbe\H1D3A2i_Imagenes_Historicas_Revision\_candidatos_locales\I0023_inline-1.png","CEBD403817596F810B3BB9DCECB123713E7BC8788B8B6DDD32DF87CEED97D03A","ADD","NO_DOCUMENTO","branding-correo-argentino","Logo Correo Argentino."
"I0024","C:\Users\omard\source\repos\RecepcionDocumental\RecepcionDocumental\tools\DocumentAiProbe\H1D3A2i_Imagenes_Historicas_Revision\_candidatos_locales\I0024_inline-2.png","88D77E88AC45BC1A70D2EF826FD332F2E22DE5524162D4D5FAF987FDDBC76734","SKIP","NO_DOCUMENTO","branding-correo-argentino","Recursos Correo Argentino representados por I0023."
"I0025","C:\Users\omard\source\repos\RecepcionDocumental\RecepcionDocumental\tools\DocumentAiProbe\H1D3A2i_Imagenes_Historicas_Revision\_candidatos_locales\I0025_inline-3.png","24A8E368D64E565390AAFEBE0BB1DEF41D2879CF2D50568AA0CCB82E9FC0ED8F","SKIP","NO_DOCUMENTO","branding-correo-argentino","Recursos Correo Argentino representados por I0023."
"I0026","C:\Users\omard\source\repos\RecepcionDocumental\RecepcionDocumental\tools\DocumentAiProbe\H1D3A2i_Imagenes_Historicas_Revision\_candidatos_locales\I0026_inline-4.png","D4004979D361C7A9B170E7433BFCEA841CAFE076A2459CD6C973520927B7FE9A","SKIP","NO_DOCUMENTO","branding-correo-argentino","Recursos Correo Argentino representados por I0023."
"I0027","C:\Users\omard\source\repos\RecepcionDocumental\RecepcionDocumental\tools\DocumentAiProbe\H1D3A2i_Imagenes_Historicas_Revision\_candidatos_locales\I0027_image001.png","6331BC283817008E37F494272F50CE6F3A67FE6BEFD2CACA361087D41F88FB41","SKIP","NO_DOCUMENTO","firma-banco","Firmas Banco Patagonia; familia ya representada."
"I0028","C:\Users\omard\source\repos\RecepcionDocumental\RecepcionDocumental\tools\DocumentAiProbe\H1D3A2i_Imagenes_Historicas_Revision\_candidatos_locales\I0028_image002.png","DF0564EB1098F66C24B47F03E6F6B8DE601446CA8047C8A095D6CD91719815DD","SKIP","NO_DOCUMENTO","firma-banco","Firmas Banco Patagonia; familia ya representada."
"I0029","C:\Users\omard\source\repos\RecepcionDocumental\RecepcionDocumental\tools\DocumentAiProbe\H1D3A2i_Imagenes_Historicas_Revision\_candidatos_locales\I0029_image003.png","847FBDEA06BBED7B9306C8E6D014999FD8FB645982990A70B103D61B5D9915F1","SKIP","NO_DOCUMENTO","capturas-sistema-posicion-consolidada","Pantallas de posición consolidada ya representadas."
"I0030","C:\Users\omard\source\repos\RecepcionDocumental\RecepcionDocumental\tools\DocumentAiProbe\H1D3A2i_Imagenes_Historicas_Revision\_candidatos_locales\I0030_image004.png","E9EE00FD1E28B5E2CA056F8637F1B525983DB9924121B492652CD7B555019685","SKIP","NO_DOCUMENTO","capturas-sistema-posicion-consolidada","Pantallas de posición consolidada ya representadas."
"I0031","C:\Users\omard\source\repos\RecepcionDocumental\RecepcionDocumental\tools\DocumentAiProbe\H1D3A2i_Imagenes_Historicas_Revision\_candidatos_locales\I0031_image.png","3E354C1E6A7CB85C4D523AC1B7741EC6E1D498440C0B1FFF531DD3B50320AB78","ADD","OTRO_DOCUMENTO","otro-captura-monotributo-pago","Captura documental financiera de obligación y pago de Monotributo."
"I0032","C:\Users\omard\source\repos\RecepcionDocumental\RecepcionDocumental\tools\DocumentAiProbe\H1D3A2i_Imagenes_Historicas_Revision\_candidatos_locales\I0032_image004.jpg","9D6E23BD8AB3C9C1AE6905F9D9C44A900198A44D1126EF7DFBE066DDBFF838F3","SKIP","NO_DOCUMENTO","branding-bunge","Branding Bunge representado por I0006."
"I0033","C:\Users\omard\source\repos\RecepcionDocumental\RecepcionDocumental\tools\DocumentAiProbe\H1D3A2i_Imagenes_Historicas_Revision\_candidatos_locales\I0033_image005.png","762EDE604282A66167A4D704EC8E7DA60CE0509294C34916605505FC869AE1CF","SKIP","NO_DOCUMENTO","capturas-infraestructura-bunge","Capturas técnicas del mismo contexto Bunge."
"I0034","C:\Users\omard\source\repos\RecepcionDocumental\RecepcionDocumental\tools\DocumentAiProbe\H1D3A2i_Imagenes_Historicas_Revision\_candidatos_locales\I0034_image006.png","01F40EDD77469EB464DD56DC074F8D0D69DD4094DC005608F5935C0F4B5C5567","SKIP","NO_DOCUMENTO","capturas-infraestructura-bunge","Capturas técnicas del mismo contexto Bunge."
"I0035","C:\Users\omard\source\repos\RecepcionDocumental\RecepcionDocumental\tools\DocumentAiProbe\H1D3A2i_Imagenes_Historicas_Revision\_candidatos_locales\I0035_image008.png","9AF8815FEFFE85BDAE4477A532A3DF392AF56BB66B1C543F02415FA34572AD7F","SKIP","NO_DOCUMENTO","capturas-infraestructura-bunge","Capturas técnicas del mismo contexto Bunge."
"I0036","C:\Users\omard\source\repos\RecepcionDocumental\RecepcionDocumental\tools\DocumentAiProbe\H1D3A2i_Imagenes_Historicas_Revision\_candidatos_locales\I0036_image001.png","C0A204BCC24A3AA67ACC0FC145FA12CDEE3374C7BD702EF2E5BA86573B4B2F08","SKIP","NO_DOCUMENTO","capturas-sistema-posicion-consolidada","Pantallas de posición consolidada ya representadas."
"I0037","C:\Users\omard\source\repos\RecepcionDocumental\RecepcionDocumental\tools\DocumentAiProbe\H1D3A2i_Imagenes_Historicas_Revision\_candidatos_locales\I0037_image004.png","89E42B9FBF02F5AB7C4142731770CEB11E14B76307156675C7DF95C0FD2955BF","SKIP","NO_DOCUMENTO","firma-banco","Firmas Banco Patagonia; familia ya representada."
"I0038","C:\Users\omard\source\repos\RecepcionDocumental\RecepcionDocumental\tools\DocumentAiProbe\H1D3A2i_Imagenes_Historicas_Revision\_candidatos_locales\I0038_image001.png","FF1D878E196DE9A9759860CE42201832D190D6A57CE1DF0F703A2163AF845E49","SKIP","OTRO_DOCUMENTO","otro-ticket-servicio-cold","Familia de tickets representada por I0021."
"I0039","C:\Users\omard\source\repos\RecepcionDocumental\RecepcionDocumental\tools\DocumentAiProbe\H1D3A2i_Imagenes_Historicas_Revision\_candidatos_locales\I0039_image.png","3E83EBE09FC79059CD4CC2BECC180D4E7567C80D2D4D5529FCEBC5B073FB0A88","SKIP","NO_DOCUMENTO","error-archivo-comexweb","Captura de error técnico COMEXWEB."
"I0040","C:\Users\omard\source\repos\RecepcionDocumental\RecepcionDocumental\tools\DocumentAiProbe\H1D3A2i_Imagenes_Historicas_Revision\_candidatos_locales\I0040_image001.png","73126981F4F9DD5DB2CCB421CE7BB0697A8D9882E7C70EE672CDD1B6EA45EE0E","SKIP","NO_DOCUMENTO","capturas-sistema-posicion-consolidada","Pantallas de posición consolidada ya representadas."
"I0041","C:\Users\omard\source\repos\RecepcionDocumental\RecepcionDocumental\tools\DocumentAiProbe\H1D3A2i_Imagenes_Historicas_Revision\_candidatos_locales\I0041_image001.png","6C02B60CEDBD649D1F892C9099E05FB39EA68D6CB7AA6E39B4687E0B5A16EF00","SKIP","NO_DOCUMENTO","capturas-sistema-posicion-consolidada","Pantallas de posición consolidada ya representadas."
"I0042","C:\Users\omard\source\repos\RecepcionDocumental\RecepcionDocumental\tools\DocumentAiProbe\H1D3A2i_Imagenes_Historicas_Revision\_candidatos_locales\I0042_image002.png","97EFB4C098B564ECDC2B1AD2D3B655D5F77AA7510510E29A2F5C2D3090A315B7","SKIP","NO_DOCUMENTO","firma-banco","Firmas Banco Patagonia; familia ya representada."
"I0043","C:\Users\omard\source\repos\RecepcionDocumental\RecepcionDocumental\tools\DocumentAiProbe\H1D3A2i_Imagenes_Historicas_Revision\_candidatos_locales\I0043_Outlook-svyeplk1.png","E5A3BBB97BB9E48F3F9EFAF17708BFE41AFE712BDEDC803FFC85FA6AD4423ED5","SKIP","NO_DOCUMENTO","firma-banco","Firmas Banco Patagonia; familia ya representada."
"I0044","C:\Users\omard\source\repos\RecepcionDocumental\RecepcionDocumental\tools\DocumentAiProbe\H1D3A2i_Imagenes_Historicas_Revision\_candidatos_locales\I0044_image027.png","3EA886EFA451DC93290DB2EC9DDE0FE24E9C04C396CAF0DD8E89CDD7C89ADD7F","SKIP","NO_DOCUMENTO","alertas-infraestructura-srvedms","Misma familia de alertas técnicas SRVEDMS representada por I0066."
"I0045","C:\Users\omard\source\repos\RecepcionDocumental\RecepcionDocumental\tools\DocumentAiProbe\H1D3A2i_Imagenes_Historicas_Revision\_candidatos_locales\I0045_image028.png","DAEA5C3F048A7B92F419198E949D50F4A6F41C6BC456D09349A096F27F1DE42C","SKIP","NO_DOCUMENTO","alertas-infraestructura-srvedms","Misma familia de alertas técnicas SRVEDMS representada por I0066."
"I0046","C:\Users\omard\source\repos\RecepcionDocumental\RecepcionDocumental\tools\DocumentAiProbe\H1D3A2i_Imagenes_Historicas_Revision\_candidatos_locales\I0046_image029.png","A802DA8E0EEF14F48152203F29E781B559D8B6B3C1D9FDE548310BBB851AC37E","SKIP","NO_DOCUMENTO","alertas-infraestructura-srvedms","Misma familia de alertas técnicas SRVEDMS representada por I0066."
"I0047","C:\Users\omard\source\repos\RecepcionDocumental\RecepcionDocumental\tools\DocumentAiProbe\H1D3A2i_Imagenes_Historicas_Revision\_candidatos_locales\I0047_image030.png","12359E9B84F7F69358CB5ED4F9526FA0815B76B641C38381780D5934DB76F335","SKIP","NO_DOCUMENTO","alertas-infraestructura-srvedms","Misma familia de alertas técnicas SRVEDMS representada por I0066."
"I0048","C:\Users\omard\source\repos\RecepcionDocumental\RecepcionDocumental\tools\DocumentAiProbe\H1D3A2i_Imagenes_Historicas_Revision\_candidatos_locales\I0048_image031.png","E401C5CCC1A1489A3C76EF39A6879A0FCBDC4EDA7F5596C02BB4D6A4BE4FBC3C","SKIP","NO_DOCUMENTO","alertas-infraestructura-srvedms","Misma familia de alertas técnicas SRVEDMS representada por I0066."
"I0049","C:\Users\omard\source\repos\RecepcionDocumental\RecepcionDocumental\tools\DocumentAiProbe\H1D3A2i_Imagenes_Historicas_Revision\_candidatos_locales\I0049_image005.png","A7FDDB7E72A5B60BDAFB81B3C0E13EEAC405827489C8BEF1F95A92D605A75A73","SKIP","NO_DOCUMENTO","alertas-infraestructura-srvedms","Misma familia de alertas técnicas SRVEDMS representada por I0066."
"I0050","C:\Users\omard\source\repos\RecepcionDocumental\RecepcionDocumental\tools\DocumentAiProbe\H1D3A2i_Imagenes_Historicas_Revision\_candidatos_locales\I0050_image006.jpg","DB870F1EE4F8687D09DC3821B422D9189EB20FC7F7B687C6D6E317BB86397816","SKIP","NO_DOCUMENTO","alertas-infraestructura-srvedms","Misma familia de alertas técnicas SRVEDMS representada por I0066."
"I0051","C:\Users\omard\source\repos\RecepcionDocumental\RecepcionDocumental\tools\DocumentAiProbe\H1D3A2i_Imagenes_Historicas_Revision\_candidatos_locales\I0051_image007.png","A4BC3DB1B80F184E52BED24EA1B4D9218CC8EB4E97F9BDEB5B2119E705D0D91C","SKIP","NO_DOCUMENTO","alertas-infraestructura-srvedms","Misma familia de alertas técnicas SRVEDMS representada por I0066."
"I0052","C:\Users\omard\source\repos\RecepcionDocumental\RecepcionDocumental\tools\DocumentAiProbe\H1D3A2i_Imagenes_Historicas_Revision\_candidatos_locales\I0052_image008.png","C61F45AECB7000E6CE561AD075CFC2BA87850B97ED06F8E3E07E905F5E93DCF0","SKIP","NO_DOCUMENTO","alertas-infraestructura-srvedms","Misma familia de alertas técnicas SRVEDMS representada por I0066."
"I0053","C:\Users\omard\source\repos\RecepcionDocumental\RecepcionDocumental\tools\DocumentAiProbe\H1D3A2i_Imagenes_Historicas_Revision\_candidatos_locales\I0053_image009.png","4008D7F11ED184B2341B88B446A80938F58B29817A372204F3C5F3C008C00A58","SKIP","NO_DOCUMENTO","alertas-infraestructura-srvedms","Misma familia de alertas técnicas SRVEDMS representada por I0066."
"I0054","C:\Users\omard\source\repos\RecepcionDocumental\RecepcionDocumental\tools\DocumentAiProbe\H1D3A2i_Imagenes_Historicas_Revision\_candidatos_locales\I0054_image027.jpg","7B56E1ECE711576AC73B3CA2EB7C7DE7D2D55C9C644855D6A0861927A6DE5D42","SKIP","NO_DOCUMENTO","alertas-infraestructura-srvedms","Misma familia de alertas técnicas SRVEDMS representada por I0066."
"I0055","C:\Users\omard\source\repos\RecepcionDocumental\RecepcionDocumental\tools\DocumentAiProbe\H1D3A2i_Imagenes_Historicas_Revision\_candidatos_locales\I0055_image028.png","CB3FFE09AAAA694B51DEBBBE9488C2D2C15C97DCF98F2D05C27ECF3D5869C44F","SKIP","NO_DOCUMENTO","alertas-infraestructura-srvedms","Misma familia de alertas técnicas SRVEDMS representada por I0066."
"I0056","C:\Users\omard\source\repos\RecepcionDocumental\RecepcionDocumental\tools\DocumentAiProbe\H1D3A2i_Imagenes_Historicas_Revision\_candidatos_locales\I0056_image029.png","C86BA92E6A9170C579313356E7E44C7ECC8BE2E891CF78ACD7AEC191FEFD032E","SKIP","NO_DOCUMENTO","alertas-infraestructura-srvedms","Misma familia de alertas técnicas SRVEDMS representada por I0066."
"I0057","C:\Users\omard\source\repos\RecepcionDocumental\RecepcionDocumental\tools\DocumentAiProbe\H1D3A2i_Imagenes_Historicas_Revision\_candidatos_locales\I0057_image030.png","579FDB2A1B6BAB2FC962DD6EF5DBD1DD9816C878BB72DDC1CF1246DDA8F8C0E9","SKIP","NO_DOCUMENTO","alertas-infraestructura-srvedms","Misma familia de alertas técnicas SRVEDMS representada por I0066."
"I0058","C:\Users\omard\source\repos\RecepcionDocumental\RecepcionDocumental\tools\DocumentAiProbe\H1D3A2i_Imagenes_Historicas_Revision\_candidatos_locales\I0058_image031.png","D2F4E8C65061A56B147FF02DB1D7565F64A09DF46CFEAB61505C67D909D44B62","SKIP","NO_DOCUMENTO","alertas-infraestructura-srvedms","Misma familia de alertas técnicas SRVEDMS representada por I0066."
"I0059","C:\Users\omard\source\repos\RecepcionDocumental\RecepcionDocumental\tools\DocumentAiProbe\H1D3A2i_Imagenes_Historicas_Revision\_candidatos_locales\I0059_image007.png","7D8E99FE2C4E92634DD63740ACB9CE8DEFA645167C21727A16E630D5E95BAC45","SKIP","NO_DOCUMENTO","alertas-infraestructura-srvedms","Misma familia de alertas técnicas SRVEDMS representada por I0066."
"I0060","C:\Users\omard\source\repos\RecepcionDocumental\RecepcionDocumental\tools\DocumentAiProbe\H1D3A2i_Imagenes_Historicas_Revision\_candidatos_locales\I0060_image008.png","293BA25FDA1FA709C275D395F9B87A00B13DB8BCCCEBBCE4CD14304A41D289BA","SKIP","NO_DOCUMENTO","alertas-infraestructura-srvedms","Misma familia de alertas técnicas SRVEDMS representada por I0066."
"I0061","C:\Users\omard\source\repos\RecepcionDocumental\RecepcionDocumental\tools\DocumentAiProbe\H1D3A2i_Imagenes_Historicas_Revision\_candidatos_locales\I0061_image009.png","ABAB42BD51AC2E66C18C7A06F96072EB857FF7B86C54C37CC10ED8815822F2B7","SKIP","NO_DOCUMENTO","alertas-infraestructura-srvedms","Misma familia de alertas técnicas SRVEDMS representada por I0066."
"I0062","C:\Users\omard\source\repos\RecepcionDocumental\RecepcionDocumental\tools\DocumentAiProbe\H1D3A2i_Imagenes_Historicas_Revision\_candidatos_locales\I0062_image010.png","14A735A0E8D6680369E9E76FD69AF852998E69339DB2990ACB7E8A196261E8F6","SKIP","NO_DOCUMENTO","alertas-infraestructura-srvedms","Misma familia de alertas técnicas SRVEDMS representada por I0066."
"I0063","C:\Users\omard\source\repos\RecepcionDocumental\RecepcionDocumental\tools\DocumentAiProbe\H1D3A2i_Imagenes_Historicas_Revision\_candidatos_locales\I0063_image011.png","8627B18B0B2C6EE8E1B7AD604661BF1623F97B2A7F9465A9A3C00281F0B99555","SKIP","NO_DOCUMENTO","alertas-infraestructura-srvedms","Misma familia de alertas técnicas SRVEDMS representada por I0066."
"I0064","C:\Users\omard\source\repos\RecepcionDocumental\RecepcionDocumental\tools\DocumentAiProbe\H1D3A2i_Imagenes_Historicas_Revision\_candidatos_locales\I0064_image031.png","F67EA1F242376AA5A08B59C1AF1095BC55F46723D7D46C61CCF406A51B1F0CAC","SKIP","NO_DOCUMENTO","alertas-infraestructura-srvedms","Misma familia de alertas técnicas SRVEDMS representada por I0066."
"I0065","C:\Users\omard\source\repos\RecepcionDocumental\RecepcionDocumental\tools\DocumentAiProbe\H1D3A2i_Imagenes_Historicas_Revision\_candidatos_locales\I0065_image033.png","695B0266349BBE32760FD15E1AF2F9587564AF5FABB37F27AB2025BE0542D0DA","SKIP","NO_DOCUMENTO","alertas-infraestructura-srvedms","Misma familia de alertas técnicas SRVEDMS representada por I0066."
"I0066","C:\Users\omard\source\repos\RecepcionDocumental\RecepcionDocumental\tools\DocumentAiProbe\H1D3A2i_Imagenes_Historicas_Revision\_candidatos_locales\I0066_image034.png","8F6CD87791DE515777752DAA95C010EB45B43DFD9348A6AD6110D4325615EA00","ADD","NO_DOCUMENTO","alertas-infraestructura-srvedms","Representante de alertas técnicas e infraestructura SRVEDMS."
"I0067","C:\Users\omard\source\repos\RecepcionDocumental\RecepcionDocumental\tools\DocumentAiProbe\H1D3A2i_Imagenes_Historicas_Revision\_candidatos_locales\I0067_image035.png","5C84D79D577C3371CCF5DD7FABA2A6EFE9D7276B4AF05270382D84EB68AEBF61","SKIP","NO_DOCUMENTO","alertas-infraestructura-srvedms","Misma familia de alertas técnicas SRVEDMS representada por I0066."
"I0068","C:\Users\omard\source\repos\RecepcionDocumental\RecepcionDocumental\tools\DocumentAiProbe\H1D3A2i_Imagenes_Historicas_Revision\_candidatos_locales\I0068_image036.png","D34051B56273FA177073A7A31B41ADDD0D24DF7F31648E4A7BEA67EDD9956043","SKIP","NO_DOCUMENTO","alertas-infraestructura-srvedms","Misma familia de alertas técnicas SRVEDMS representada por I0066."
"I0069","C:\Users\omard\source\repos\RecepcionDocumental\RecepcionDocumental\tools\DocumentAiProbe\H1D3A2i_Imagenes_Historicas_Revision\_candidatos_locales\I0069_image016.png","C6EBEBC7A7E6D3101D9F7F3E0F94732A44B55C91AEFDF9D585F324653442C55B","SKIP","NO_DOCUMENTO","alertas-infraestructura-srvedms","Misma familia de alertas técnicas SRVEDMS representada por I0066."
"I0070","C:\Users\omard\source\repos\RecepcionDocumental\RecepcionDocumental\tools\DocumentAiProbe\H1D3A2i_Imagenes_Historicas_Revision\_candidatos_locales\I0070_image017.jpg","FFD90236F821FA894683C17E2D3F3A7D57D2130079E3FF4D5FA29CDD62978D26","SKIP","NO_DOCUMENTO","alertas-infraestructura-srvedms","Misma familia de alertas técnicas SRVEDMS representada por I0066."
"I0071","C:\Users\omard\source\repos\RecepcionDocumental\RecepcionDocumental\tools\DocumentAiProbe\H1D3A2i_Imagenes_Historicas_Revision\_candidatos_locales\I0071_image018.jpg","FE2F47A5020326F46A01342361E9B157CB6CB95D8F9D6A1A3C71DDFD94202BCC","SKIP","NO_DOCUMENTO","alertas-infraestructura-srvedms","Misma familia de alertas técnicas SRVEDMS representada por I0066."
"I0072","C:\Users\omard\source\repos\RecepcionDocumental\RecepcionDocumental\tools\DocumentAiProbe\H1D3A2i_Imagenes_Historicas_Revision\_candidatos_locales\I0072_image019.jpg","85CA7F00C7D3EBF748438A7BFA553332B9D8673270E8BDBB174BC337451BE3C5","SKIP","NO_DOCUMENTO","alertas-infraestructura-srvedms","Misma familia de alertas técnicas SRVEDMS representada por I0066."
"I0073","C:\Users\omard\source\repos\RecepcionDocumental\RecepcionDocumental\tools\DocumentAiProbe\H1D3A2i_Imagenes_Historicas_Revision\_candidatos_locales\I0073_image020.jpg","2EE024F810D6E4BED0A824EBD18CC6100FD8081F18F91C704F6C1B1B897AD68D","SKIP","NO_DOCUMENTO","alertas-infraestructura-srvedms","Misma familia de alertas técnicas SRVEDMS representada por I0066."
"I0074","C:\Users\omard\source\repos\RecepcionDocumental\RecepcionDocumental\tools\DocumentAiProbe\H1D3A2i_Imagenes_Historicas_Revision\_candidatos_locales\I0074_image015.jpg","ED044FF12F91C6A255473065DFD743E40AFC40729A9B3B548840EE1636D4242F","SKIP","NO_DOCUMENTO","alertas-infraestructura-srvedms","Misma familia de alertas técnicas SRVEDMS representada por I0066."
"I0075","C:\Users\omard\source\repos\RecepcionDocumental\RecepcionDocumental\tools\DocumentAiProbe\H1D3A2i_Imagenes_Historicas_Revision\_candidatos_locales\I0075_image016.jpg","F1DCA67EEBD75EF053A936C666C937ED8AA313EE850540883112A6CF295EAD08","SKIP","NO_DOCUMENTO","alertas-infraestructura-srvedms","Misma familia de alertas técnicas SRVEDMS representada por I0066."
"I0076","C:\Users\omard\source\repos\RecepcionDocumental\RecepcionDocumental\tools\DocumentAiProbe\H1D3A2i_Imagenes_Historicas_Revision\_candidatos_locales\I0076_image017.jpg","273998DD659A72E43D645CE225A423E16525D718AC005154B95039B034238DE0","SKIP","NO_DOCUMENTO","alertas-infraestructura-srvedms","Misma familia de alertas técnicas SRVEDMS representada por I0066."
"I0077","C:\Users\omard\source\repos\RecepcionDocumental\RecepcionDocumental\tools\DocumentAiProbe\H1D3A2i_Imagenes_Historicas_Revision\_candidatos_locales\I0077_image018.jpg","E2BD27834E041D892A058451B101749F75195C79F04FE83AC8A51522C071847F","SKIP","NO_DOCUMENTO","alertas-infraestructura-srvedms","Misma familia de alertas técnicas SRVEDMS representada por I0066."
"I0078","C:\Users\omard\source\repos\RecepcionDocumental\RecepcionDocumental\tools\DocumentAiProbe\H1D3A2i_Imagenes_Historicas_Revision\_candidatos_locales\I0078_image019.jpg","9FF30FCA62E84F1970BE33037182855E96197C7AF4CC76452395B70E4BA929B0","SKIP","NO_DOCUMENTO","alertas-infraestructura-srvedms","Misma familia de alertas técnicas SRVEDMS representada por I0066."
"I0079","C:\Users\omard\source\repos\RecepcionDocumental\RecepcionDocumental\tools\DocumentAiProbe\H1D3A2i_Imagenes_Historicas_Revision\_candidatos_locales\I0079_image001.png","62F959C50C4C97E6A6925A459A4792A4B2EFA71398EF81494D4C09915ED23205","SKIP","NO_DOCUMENTO","capturas-sistema-edms","Pantallas e interfaz EDMS de una misma familia."
"I0080","C:\Users\omard\source\repos\RecepcionDocumental\RecepcionDocumental\tools\DocumentAiProbe\H1D3A2i_Imagenes_Historicas_Revision\_candidatos_locales\I0080_image001.png","A6EB2AE8C7E799FA9952825629B504196E7A5FE2205DB2D23EFDAB161ABA4AA3","SKIP","OTRO_DOCUMENTO","otro-ticket-servicio-cold","Familia de tickets representada por I0021."
"I0081","C:\Users\omard\source\repos\RecepcionDocumental\RecepcionDocumental\tools\DocumentAiProbe\H1D3A2i_Imagenes_Historicas_Revision\_candidatos_locales\I0081_image002.png","DB1E5BBA21AAE799861305EED1846B420516EC1D9748F9200822A43B47903CA6","SKIP","NO_DOCUMENTO","firma-banco","Firmas Banco Patagonia; familia ya representada."
"I0082","C:\Users\omard\source\repos\RecepcionDocumental\RecepcionDocumental\tools\DocumentAiProbe\H1D3A2i_Imagenes_Historicas_Revision\_candidatos_locales\I0082_image001.png","E2B69ED763A98D075F44B5486E613384DBC7A1054EAD3912C0DFEFF21ED4FB74","SKIP","NO_DOCUMENTO","capturas-sistema-posicion-consolidada","Pantallas de posición consolidada ya representadas."
"I0083","C:\Users\omard\source\repos\RecepcionDocumental\RecepcionDocumental\tools\DocumentAiProbe\H1D3A2i_Imagenes_Historicas_Revision\_candidatos_locales\I0083_image008.png","8816A7816323DC1CD262E9D32758AA2FB8215792698B718977843C0117440B84","SKIP","NO_DOCUMENTO","alertas-infraestructura-srvedms","Misma familia de alertas técnicas SRVEDMS representada por I0066."
"I0084","C:\Users\omard\source\repos\RecepcionDocumental\RecepcionDocumental\tools\DocumentAiProbe\H1D3A2i_Imagenes_Historicas_Revision\_candidatos_locales\I0084_image009.png","F6F1050B0ECF83E513A19BEB4849482C1466F33382ECFC5D07D2B9AD983C7F8B","SKIP","NO_DOCUMENTO","alertas-infraestructura-srvedms","Misma familia de alertas técnicas SRVEDMS representada por I0066."
"I0085","C:\Users\omard\source\repos\RecepcionDocumental\RecepcionDocumental\tools\DocumentAiProbe\H1D3A2i_Imagenes_Historicas_Revision\_candidatos_locales\I0085_image010.png","080FD43207CF7C95F51B3C9C2ACD14DDD63415F2EC19B1B578BEAF75E663FA37","SKIP","NO_DOCUMENTO","alertas-infraestructura-srvedms","Misma familia de alertas técnicas SRVEDMS representada por I0066."
"I0086","C:\Users\omard\source\repos\RecepcionDocumental\RecepcionDocumental\tools\DocumentAiProbe\H1D3A2i_Imagenes_Historicas_Revision\_candidatos_locales\I0086_image011.png","E6DCA6D4A52C0D53222BA2F6BC04DBDEDC7520B7F893189F9200C4C7AF3634EF","SKIP","NO_DOCUMENTO","alertas-infraestructura-srvedms","Misma familia de alertas técnicas SRVEDMS representada por I0066."
"I0087","C:\Users\omard\source\repos\RecepcionDocumental\RecepcionDocumental\tools\DocumentAiProbe\H1D3A2i_Imagenes_Historicas_Revision\_candidatos_locales\I0087_image012.jpg","14A9BE7EF21114FA62797D25E89ADE1B040BB99FB31EEB2E1B7DD629A2D5B426","SKIP","NO_DOCUMENTO","alertas-infraestructura-srvedms","Misma familia de alertas técnicas SRVEDMS representada por I0066."
"I0088","C:\Users\omard\source\repos\RecepcionDocumental\RecepcionDocumental\tools\DocumentAiProbe\H1D3A2i_Imagenes_Historicas_Revision\_candidatos_locales\I0088_image007.png","82632DE862B6845FD31472CE71243F62F9F61E25DCFB0D77BA9E702C0A528B4B","SKIP","NO_DOCUMENTO","alertas-infraestructura-srvedms","Misma familia de alertas técnicas SRVEDMS representada por I0066."
"I0089","C:\Users\omard\source\repos\RecepcionDocumental\RecepcionDocumental\tools\DocumentAiProbe\H1D3A2i_Imagenes_Historicas_Revision\_candidatos_locales\I0089_image008.png","305272042085751A5EC823AF2CA6088F6C81C278D6E3474C7CD4F0C28C19D2DE","SKIP","NO_DOCUMENTO","alertas-infraestructura-srvedms","Misma familia de alertas técnicas SRVEDMS representada por I0066."
"I0090","C:\Users\omard\source\repos\RecepcionDocumental\RecepcionDocumental\tools\DocumentAiProbe\H1D3A2i_Imagenes_Historicas_Revision\_candidatos_locales\I0090_image009.png","14BD584E1A05C2BBC3CD247ED0758A4FEF0EC90C4E886862B1DCE261018D6FF9","SKIP","NO_DOCUMENTO","alertas-infraestructura-srvedms","Misma familia de alertas técnicas SRVEDMS representada por I0066."
"I0091","C:\Users\omard\source\repos\RecepcionDocumental\RecepcionDocumental\tools\DocumentAiProbe\H1D3A2i_Imagenes_Historicas_Revision\_candidatos_locales\I0091_image010.png","2E123CBC7542ABE2EAFF942FE3A1A9CA66F25F636B1F6E7ACEBA96A5BE6046FF","SKIP","NO_DOCUMENTO","alertas-infraestructura-srvedms","Misma familia de alertas técnicas SRVEDMS representada por I0066."
"I0092","C:\Users\omard\source\repos\RecepcionDocumental\RecepcionDocumental\tools\DocumentAiProbe\H1D3A2i_Imagenes_Historicas_Revision\_candidatos_locales\I0092_image011.png","DB3D88C85BB4823DB648C4F2717B390E0638D950238F062100EBBBEE3EDE9054","SKIP","NO_DOCUMENTO","alertas-infraestructura-srvedms","Misma familia de alertas técnicas SRVEDMS representada por I0066."
"I0093","C:\Users\omard\source\repos\RecepcionDocumental\RecepcionDocumental\tools\DocumentAiProbe\H1D3A2i_Imagenes_Historicas_Revision\_candidatos_locales\I0093_image003.jpg","B7B99E7B02E8B6FA7EE3D21E2D71AD21155AA9C6FAFE29B62059ABC0FF43C2C5","SKIP","NO_DOCUMENTO","alertas-infraestructura-srvedms","Misma familia de alertas técnicas SRVEDMS representada por I0066."
"I0094","C:\Users\omard\source\repos\RecepcionDocumental\RecepcionDocumental\tools\DocumentAiProbe\H1D3A2i_Imagenes_Historicas_Revision\_candidatos_locales\I0094_image004.jpg","A9481DB31BE4A9E0A7CF9EDB6611970F6F21EA90FD19C108F9830D7057DDF32E","SKIP","NO_DOCUMENTO","alertas-infraestructura-srvedms","Misma familia de alertas técnicas SRVEDMS representada por I0066."
"I0095","C:\Users\omard\source\repos\RecepcionDocumental\RecepcionDocumental\tools\DocumentAiProbe\H1D3A2i_Imagenes_Historicas_Revision\_candidatos_locales\I0095_image005.jpg","89C4D3B0F8AB73C82956DDA32DC1E6EE9BDC74819CEEDEFD096999E73265A8AF","SKIP","NO_DOCUMENTO","alertas-infraestructura-srvedms","Misma familia de alertas técnicas SRVEDMS representada por I0066."
"I0096","C:\Users\omard\source\repos\RecepcionDocumental\RecepcionDocumental\tools\DocumentAiProbe\H1D3A2i_Imagenes_Historicas_Revision\_candidatos_locales\I0096_image006.jpg","B260DB41E5355780DFF011ABA72ACE90665C8F999C0182FEC1672C0739069CAC","SKIP","NO_DOCUMENTO","alertas-infraestructura-srvedms","Misma familia de alertas técnicas SRVEDMS representada por I0066."
"I0097","C:\Users\omard\source\repos\RecepcionDocumental\RecepcionDocumental\tools\DocumentAiProbe\H1D3A2i_Imagenes_Historicas_Revision\_candidatos_locales\I0097_image001.png","34110EC2E911C88033590D3304B103785BFB40CFA4ACE685FAC8D6A16D6F07D6","SKIP","NO_DOCUMENTO","alertas-infraestructura-srvedms","Misma familia de alertas técnicas SRVEDMS representada por I0066."
"I0098","C:\Users\omard\source\repos\RecepcionDocumental\RecepcionDocumental\tools\DocumentAiProbe\H1D3A2i_Imagenes_Historicas_Revision\_candidatos_locales\I0098_image002.png","E78471BFE4EF0AC34B80ED51A4BA0800F49290DB5214559A10511F0607B79AAD","SKIP","NO_DOCUMENTO","alertas-infraestructura-srvedms","Misma familia de alertas técnicas SRVEDMS representada por I0066."
"I0099","C:\Users\omard\source\repos\RecepcionDocumental\RecepcionDocumental\tools\DocumentAiProbe\H1D3A2i_Imagenes_Historicas_Revision\_candidatos_locales\I0099_image003.png","4563A660B3E448BCDA81840C0198E2C43B2F17036466208AA7A5709D6A6450BE","SKIP","NO_DOCUMENTO","alertas-infraestructura-srvedms","Misma familia de alertas técnicas SRVEDMS representada por I0066."
"I0100","C:\Users\omard\source\repos\RecepcionDocumental\RecepcionDocumental\tools\DocumentAiProbe\H1D3A2i_Imagenes_Historicas_Revision\_candidatos_locales\I0100_image004.png","FF6899D3D67CD1E3ADF3F69FD3D95655943D2F07FE06F787ED464187E815BED8","SKIP","NO_DOCUMENTO","alertas-infraestructura-srvedms","Misma familia de alertas técnicas SRVEDMS representada por I0066."
"I0101","C:\Users\omard\source\repos\RecepcionDocumental\RecepcionDocumental\tools\DocumentAiProbe\H1D3A2i_Imagenes_Historicas_Revision\_candidatos_locales\I0101_image005.png","F1642B8367BDFCCA17B760FE6B63E1345F908F3CFB94724E4F374B0429B19E07","SKIP","NO_DOCUMENTO","alertas-infraestructura-srvedms","Misma familia de alertas técnicas SRVEDMS representada por I0066."
"I0102","C:\Users\omard\source\repos\RecepcionDocumental\RecepcionDocumental\tools\DocumentAiProbe\H1D3A2i_Imagenes_Historicas_Revision\_candidatos_locales\I0102_image006.png","CB5ECFB1CCCCA60C7BD9890DF64C0E6ECC2CD98A86EF134441C251D6C5DD2566","SKIP","NO_DOCUMENTO","alertas-infraestructura-srvedms","Misma familia de alertas técnicas SRVEDMS representada por I0066."
"I0103","C:\Users\omard\source\repos\RecepcionDocumental\RecepcionDocumental\tools\DocumentAiProbe\H1D3A2i_Imagenes_Historicas_Revision\_candidatos_locales\I0103_noname.png","2198C2CCBDEC43F8E758CAD856F8C5EF88DC7A7811AB0B358D78D5B785B60811","SKIP","NO_DOCUMENTO","firma-banco","Firmas Banco Patagonia; familia ya representada."
"I0104","C:\Users\omard\source\repos\RecepcionDocumental\RecepcionDocumental\tools\DocumentAiProbe\H1D3A2i_Imagenes_Historicas_Revision\_candidatos_locales\I0104_noname.png","8EECC975E4EC43D9A58E36861A3EF0D296868B186D15BAB8CCBB6E19C820FDA7","SKIP","OTRO_DOCUMENTO","otro-aviso-cheque-rechazado-banco-patagonia","Avisos de cheque rechazado ya representados."
"I0105","C:\Users\omard\source\repos\RecepcionDocumental\RecepcionDocumental\tools\DocumentAiProbe\H1D3A2i_Imagenes_Historicas_Revision\_candidatos_locales\I0105_noname.png","DD068D38F8A57149D7BFF57C31BAEF3C9FF7F9055DEF40FE422667EFE4090296","SKIP","OTRO_DOCUMENTO","otro-aviso-cheque-rechazado-banco-patagonia","Avisos de cheque rechazado ya representados."
"I0106","C:\Users\omard\source\repos\RecepcionDocumental\RecepcionDocumental\tools\DocumentAiProbe\H1D3A2i_Imagenes_Historicas_Revision\_candidatos_locales\I0106_PastedGraphic-4.png","2AF9DE4CAF9BB15F857FAE3B9E6DFEEDD831219A156B978E43FF62BC315266C6","ADD","NO_DOCUMENTO","branding-meteomatics","Logo y branding Meteomatics."
"I0107","C:\Users\omard\source\repos\RecepcionDocumental\RecepcionDocumental\tools\DocumentAiProbe\H1D3A2i_Imagenes_Historicas_Revision\_candidatos_locales\I0107_image003.png","9B103DB594C0BEE038C97560216C9623601B0050584D5946910513AC662DCE6F","ADD","OTRO_DOCUMENTO","otro-liquidaciones-comercios-banco-patagonia","Liquidación de comercios Banco Patagonia; misma familia documental."
"I0108","C:\Users\omard\source\repos\RecepcionDocumental\RecepcionDocumental\tools\DocumentAiProbe\H1D3A2i_Imagenes_Historicas_Revision\_candidatos_locales\I0108_image004.png","1047BDD86B7E2B77A86CAFB2ED21CD4E619F3D485E08BBE9D1C67B7AE350FF1A","SKIP","OTRO_DOCUMENTO","otro-liquidaciones-comercios-banco-patagonia","Página o variante de liquidaciones representada por I0107, I0118 e I0122."
"I0109","C:\Users\omard\source\repos\RecepcionDocumental\RecepcionDocumental\tools\DocumentAiProbe\H1D3A2i_Imagenes_Historicas_Revision\_candidatos_locales\I0109_image005.png","69F3A60D5C28D796DFC47665B5E07DAB060868B60EE86FC0DFC3018BAAD0229B","SKIP","OTRO_DOCUMENTO","otro-liquidaciones-comercios-banco-patagonia","Página o variante de liquidaciones representada por I0107, I0118 e I0122."
"I0110","C:\Users\omard\source\repos\RecepcionDocumental\RecepcionDocumental\tools\DocumentAiProbe\H1D3A2i_Imagenes_Historicas_Revision\_candidatos_locales\I0110_image010.png","410667B1E5B323C27AB90044352B401DD90AEA169AF029D9B6A7F742AA3B235C","SKIP","OTRO_DOCUMENTO","otro-liquidaciones-comercios-banco-patagonia","Página o variante de liquidaciones representada por I0107, I0118 e I0122."
"I0111","C:\Users\omard\source\repos\RecepcionDocumental\RecepcionDocumental\tools\DocumentAiProbe\H1D3A2i_Imagenes_Historicas_Revision\_candidatos_locales\I0111_image011.png","8A3D53CC7CCFB1F0B2A36671003C491B65D19E90EAE87024AB22C146380D2584","SKIP","OTRO_DOCUMENTO","otro-liquidaciones-comercios-banco-patagonia","Página o variante de liquidaciones representada por I0107, I0118 e I0122."
"I0112","C:\Users\omard\source\repos\RecepcionDocumental\RecepcionDocumental\tools\DocumentAiProbe\H1D3A2i_Imagenes_Historicas_Revision\_candidatos_locales\I0112_image012.png","E6BBE67608C54D4B217842A76861D4946B9B4A07EB3D961AD752DCFB236CA34E","SKIP","OTRO_DOCUMENTO","otro-liquidaciones-comercios-banco-patagonia","Página o variante de liquidaciones representada por I0107, I0118 e I0122."
"I0113","C:\Users\omard\source\repos\RecepcionDocumental\RecepcionDocumental\tools\DocumentAiProbe\H1D3A2i_Imagenes_Historicas_Revision\_candidatos_locales\I0113_image013.png","ED04789EA5F570AB2CE691B00FCB7F0E05DF7C5D63F4D48DD13D2AB81C4A9237","SKIP","OTRO_DOCUMENTO","otro-liquidaciones-comercios-banco-patagonia","Página o variante de liquidaciones representada por I0107, I0118 e I0122."
"I0114","C:\Users\omard\source\repos\RecepcionDocumental\RecepcionDocumental\tools\DocumentAiProbe\H1D3A2i_Imagenes_Historicas_Revision\_candidatos_locales\I0114_image014.png","B4049689EAC4C37CEB291505857FA6E93A6FB775AE30A21625AF25B2A1A444E0","SKIP","OTRO_DOCUMENTO","otro-liquidaciones-comercios-banco-patagonia","Página o variante de liquidaciones representada por I0107, I0118 e I0122."
"I0115","C:\Users\omard\source\repos\RecepcionDocumental\RecepcionDocumental\tools\DocumentAiProbe\H1D3A2i_Imagenes_Historicas_Revision\_candidatos_locales\I0115_image015.png","320C50B949B0577118512A0E5563E6B505431DDD1C51912331272B165ABFD7AA","SKIP","OTRO_DOCUMENTO","otro-liquidaciones-comercios-banco-patagonia","Página o variante de liquidaciones representada por I0107, I0118 e I0122."
"I0116","C:\Users\omard\source\repos\RecepcionDocumental\RecepcionDocumental\tools\DocumentAiProbe\H1D3A2i_Imagenes_Historicas_Revision\_candidatos_locales\I0116_image016.png","F3BB97053C5AC5066997DB6926A00303F0D2543E93AD6A42DE1B1B870EB8F07A","SKIP","OTRO_DOCUMENTO","otro-liquidaciones-comercios-banco-patagonia","Página o variante de liquidaciones representada por I0107, I0118 e I0122."
"I0117","C:\Users\omard\source\repos\RecepcionDocumental\RecepcionDocumental\tools\DocumentAiProbe\H1D3A2i_Imagenes_Historicas_Revision\_candidatos_locales\I0117_image017.png","2F3DA3299E3707F4D7794CBFD7BDCC9067D651563EE084A71BA9E205AEC5E9D0","SKIP","OTRO_DOCUMENTO","otro-liquidaciones-comercios-banco-patagonia","Página o variante de liquidaciones representada por I0107, I0118 e I0122."
"I0118","C:\Users\omard\source\repos\RecepcionDocumental\RecepcionDocumental\tools\DocumentAiProbe\H1D3A2i_Imagenes_Historicas_Revision\_candidatos_locales\I0118_image013.png","675F30D09450E3C2A33AD99C4DC69C108D812EF861FD47858519F8A9913464E3","ADD","OTRO_DOCUMENTO","otro-liquidaciones-comercios-banco-patagonia","Liquidación de comercios Banco Patagonia; misma familia documental."
"I0119","C:\Users\omard\source\repos\RecepcionDocumental\RecepcionDocumental\tools\DocumentAiProbe\H1D3A2i_Imagenes_Historicas_Revision\_candidatos_locales\I0119_image014.png","624F8622DFD9E0F898E178D03CC8B36E92A0D56CD5BA95DEDD1672457C6FABCE","SKIP","OTRO_DOCUMENTO","otro-liquidaciones-comercios-banco-patagonia","Página o variante de liquidaciones representada por I0107, I0118 e I0122."
"I0120","C:\Users\omard\source\repos\RecepcionDocumental\RecepcionDocumental\tools\DocumentAiProbe\H1D3A2i_Imagenes_Historicas_Revision\_candidatos_locales\I0120_image015.png","6AE0402E3D92B8C6BD30DFC88493361F0B882007F7396DA9E6E9823CDD2B8376","SKIP","OTRO_DOCUMENTO","otro-liquidaciones-comercios-banco-patagonia","Página o variante de liquidaciones representada por I0107, I0118 e I0122."
"I0121","C:\Users\omard\source\repos\RecepcionDocumental\RecepcionDocumental\tools\DocumentAiProbe\H1D3A2i_Imagenes_Historicas_Revision\_candidatos_locales\I0121_image016.png","3AB484AE3A98B78F9DD9C31ECA7D42DEB2FFE024E06AD4A148819927F7212A95","SKIP","OTRO_DOCUMENTO","otro-liquidaciones-comercios-banco-patagonia","Página o variante de liquidaciones representada por I0107, I0118 e I0122."
"I0122","C:\Users\omard\source\repos\RecepcionDocumental\RecepcionDocumental\tools\DocumentAiProbe\H1D3A2i_Imagenes_Historicas_Revision\_candidatos_locales\I0122_image017.png","40D282AFE8457677E743468F7D7EDAAA8FEEDB38D7458D01304953DA8E2E5BE4","ADD","OTRO_DOCUMENTO","otro-liquidaciones-comercios-banco-patagonia","Liquidación de comercios Banco Patagonia; misma familia documental."
"I0123","C:\Users\omard\source\repos\RecepcionDocumental\RecepcionDocumental\tools\DocumentAiProbe\H1D3A2i_Imagenes_Historicas_Revision\_candidatos_locales\I0123_image001.png","B05A5569219C2D5C50CC1DF65A23E12E8567EF21148E2512FCEC025AF37EF56D","SKIP","NO_DOCUMENTO","capturas-sistema-edms","Pantallas e interfaz EDMS de una misma familia."
"I0124","C:\Users\omard\source\repos\RecepcionDocumental\RecepcionDocumental\tools\DocumentAiProbe\H1D3A2i_Imagenes_Historicas_Revision\_candidatos_locales\I0124_image002.png","02B69137F71992F092EB943045D13E7BD4F60CD57FE2F32ADE570231C39F0C8D","SKIP","NO_DOCUMENTO","capturas-sistema-edms","Pantallas e interfaz EDMS de una misma familia."
"I0125","C:\Users\omard\source\repos\RecepcionDocumental\RecepcionDocumental\tools\DocumentAiProbe\H1D3A2i_Imagenes_Historicas_Revision\_candidatos_locales\I0125_image002.jpg","0A580FEA09DEB190DE1B8FCECAECE18D82D97ED106F75509B1CAFE5475D16253","ADD","NO_DOCUMENTO","branding-avon-natura","Pieza corporativa y promocional AVON/Natura."
"I0126","C:\Users\omard\source\repos\RecepcionDocumental\RecepcionDocumental\tools\DocumentAiProbe\H1D3A2i_Imagenes_Historicas_Revision\_candidatos_locales\I0126_image003.jpg","3BAFE42C4D2E04D6251F055ED73A1B78CF63418D85E239043E2F93E9C494178A","SKIP","NO_DOCUMENTO","branding-avon-natura","Branding AVON/Natura representado por I0125."
"I0127","C:\Users\omard\source\repos\RecepcionDocumental\RecepcionDocumental\tools\DocumentAiProbe\H1D3A2i_Imagenes_Historicas_Revision\_candidatos_locales\I0127_image008.png","29E466C829B1CFBFB8EF5BC3409CD7A4A636F9FA31C42523C9822113C2A4EA2C","SKIP","NO_DOCUMENTO","capturas-sistema-avon-edms","Pantallas técnicas AVON/EDMS de la misma familia."
"I0128","C:\Users\omard\source\repos\RecepcionDocumental\RecepcionDocumental\tools\DocumentAiProbe\H1D3A2i_Imagenes_Historicas_Revision\_candidatos_locales\I0128_image009.png","ECC5B6349D51F6563DA17B4D8E668CED725DCCB6E3115E36D5DC1E223D18AB16","SKIP","NO_DOCUMENTO","branding-hcl-technologies","Branding HCL no priorizado para este lote."
"I0129","C:\Users\omard\source\repos\RecepcionDocumental\RecepcionDocumental\tools\DocumentAiProbe\H1D3A2i_Imagenes_Historicas_Revision\_candidatos_locales\I0129_image010.png","187481F002FE42F7AB24AB4347D241B10C04FB5EDAA9A92C788B863540129E3E","SKIP","NO_DOCUMENTO","capturas-sistema-avon-edms","Pantallas técnicas AVON/EDMS de la misma familia."
"I0130","C:\Users\omard\source\repos\RecepcionDocumental\RecepcionDocumental\tools\DocumentAiProbe\H1D3A2i_Imagenes_Historicas_Revision\_candidatos_locales\I0130_image006.png","B5D52B11DDF0ED4542A9A0D50EFAF2FF68A37DC7F5AD75C9A6D1B745BB9C9387","SKIP","NO_DOCUMENTO","capturas-sistema-avon-edms","Pantallas técnicas AVON/EDMS de la misma familia."
"I0131","C:\Users\omard\source\repos\RecepcionDocumental\RecepcionDocumental\tools\DocumentAiProbe\H1D3A2i_Imagenes_Historicas_Revision\_candidatos_locales\I0131_image007.png","6FEEE874A2A22D2D00F5E3F3BA242344C1B2EA20B91BB881919292F896D06A3A","SKIP","NO_DOCUMENTO","capturas-sistema-avon-edms","Pantallas técnicas AVON/EDMS de la misma familia."
"I0132","C:\Users\omard\source\repos\RecepcionDocumental\RecepcionDocumental\tools\DocumentAiProbe\H1D3A2i_Imagenes_Historicas_Revision\_candidatos_locales\I0132_246C4E4A.jpg","94A5BB490143CEE934380D4FEB4659ABE2DD005FCE09BA87046839EC01B9A049","ADD","FACTURA","factura-avon-a-impresa","Factura A AVON fotografiada; evidencia fiscal física diferenciada."
"I0133","C:\Users\omard\source\repos\RecepcionDocumental\RecepcionDocumental\tools\DocumentAiProbe\H1D3A2i_Imagenes_Historicas_Revision\_candidatos_locales\I0133_image001.png","F356A4D4C1853D38A397D3FA79F8EAF48468DE70254D5668318ADF968BDB60E9","SKIP","NO_DOCUMENTO","branding-avon-natura","Branding AVON/Natura representado por I0125."
"I0134","C:\Users\omard\source\repos\RecepcionDocumental\RecepcionDocumental\tools\DocumentAiProbe\H1D3A2i_Imagenes_Historicas_Revision\_candidatos_locales\I0134_image004.jpg","12733CF54E78F713B0D7B892F159C9B0097EAF16AC578BA7E33BE793B605D3AD","SKIP","NO_DOCUMENTO","branding-avon-natura","Branding AVON/Natura representado por I0125."
"I0135","C:\Users\omard\source\repos\RecepcionDocumental\RecepcionDocumental\tools\DocumentAiProbe\H1D3A2i_Imagenes_Historicas_Revision\_candidatos_locales\I0135_image005.jpg","385C8A06A267EDE2D6B7B9766146D4BF1C64B48D2B381EE445EF72B57DB69AB9","SKIP","NO_DOCUMENTO","branding-avon-natura","Branding AVON/Natura representado por I0125."
"I0136","C:\Users\omard\source\repos\RecepcionDocumental\RecepcionDocumental\tools\DocumentAiProbe\H1D3A2i_Imagenes_Historicas_Revision\_candidatos_locales\I0136_image002.png","3B408D6E56FDB371E1BF127243BBC766992FD5E55A68A13697EE3003C1BC9453","SKIP","NO_DOCUMENTO","capturas-sistema-avon-edms","Pantallas técnicas AVON/EDMS de la misma familia."
"I0137","C:\Users\omard\source\repos\RecepcionDocumental\RecepcionDocumental\tools\DocumentAiProbe\H1D3A2i_Imagenes_Historicas_Revision\_candidatos_locales\I0137_image003.png","502F92D01C125C11228EE393B93C399F0A3CDB62C6EC087EBA9BF6D36FCBAA2A","SKIP","NO_DOCUMENTO","branding-avon-natura","Branding AVON/Natura representado por I0125."
"I0138","C:\Users\omard\source\repos\RecepcionDocumental\RecepcionDocumental\tools\DocumentAiProbe\H1D3A2i_Imagenes_Historicas_Revision\_candidatos_locales\I0138_11C1BB9D.jpg","BE8E9456C6B3CD399C535A48BB397D4BF7C91D9CBDC212D5438373DDEFD4B5B5","ADD","NO_DOCUMENTO","error-impresion-xerox","Hard negative: hoja de error Xerox con texto FACTURA NUMERO, pero no factura."
"I0139","C:\Users\omard\source\repos\RecepcionDocumental\RecepcionDocumental\tools\DocumentAiProbe\H1D3A2i_Imagenes_Historicas_Revision\_candidatos_locales\I0139_ez mac chica.png","131E45D3DC803E82CB78E212E95C4E289E840BF38F309CC9E631F8D3F0668D7B","ADD","NO_DOCUMENTO","publicidad-ezdrummer","Publicidad de software musical Ezdrummer."
"I0140","C:\Users\omard\source\repos\RecepcionDocumental\RecepcionDocumental\tools\DocumentAiProbe\H1D3A2i_Imagenes_Historicas_Revision\_candidatos_locales\I0140_WINDOWSCHICA.png","D688E5BE5FDD1EDA0D1421A44FD8B436209EDBC9454FBDC0FA79B94F22785699","SKIP","NO_DOCUMENTO","publicidad-ezdrummer","Familia promocional representada por I0139."
"I0141","C:\Users\omard\source\repos\RecepcionDocumental\RecepcionDocumental\tools\DocumentAiProbe\H1D3A2i_Imagenes_Historicas_Revision\_candidatos_locales\I0141_image001.jpg","9EA58B1B710B9D6CC7C7059F33E6DC01EE2F1681ED5389ECC22539F6414AE6BE","SKIP","NO_DOCUMENTO","branding-avon-natura","Branding AVON/Natura representado por I0125."
"I0142","C:\Users\omard\source\repos\RecepcionDocumental\RecepcionDocumental\tools\DocumentAiProbe\H1D3A2i_Imagenes_Historicas_Revision\_candidatos_locales\I0142_image002.jpg","B7AC80B33F1301462A0340F14471EDD6E1483368801B3386EDC354E01BD7ED73","SKIP","NO_DOCUMENTO","capturas-error-edms","Errores EDMS representados por I0007."
"I0143","C:\Users\omard\source\repos\RecepcionDocumental\RecepcionDocumental\tools\DocumentAiProbe\H1D3A2i_Imagenes_Historicas_Revision\_candidatos_locales\I0143_image001.jpg","FF4090BC1A0485A8A0A3B776547A2F80AB690243134ACF652B7FB310DB91BF40","SKIP","NO_DOCUMENTO","capturas-sistema-avon-migracion","Capturas operativas de la misma migración AVON."
"I0144","C:\Users\omard\source\repos\RecepcionDocumental\RecepcionDocumental\tools\DocumentAiProbe\H1D3A2i_Imagenes_Historicas_Revision\_candidatos_locales\I0144_Tidof00.png","8D59B6326E62EAF4D0F9EF9EE2A98AAE2EAB54B60A57DB4D645D89E25C4D2D4A","SKIP","NO_DOCUMENTO","capturas-sistema-avon-migracion","Capturas operativas de la misma migración AVON."
"I0145","C:\Users\omard\source\repos\RecepcionDocumental\RecepcionDocumental\tools\DocumentAiProbe\H1D3A2i_Imagenes_Historicas_Revision\_candidatos_locales\I0145_image.png","94123EBE04CBE0B0B6EB3ADA4C3DD6268B649ABDA9DF9107195EF11F5F2F5949","SKIP","NO_DOCUMENTO","capturas-sistema-avon-migracion","Capturas operativas de la misma migración AVON."
"I0146","C:\Users\omard\source\repos\RecepcionDocumental\RecepcionDocumental\tools\DocumentAiProbe\H1D3A2i_Imagenes_Historicas_Revision\_candidatos_locales\I0146_image.png","F20437C260D6613C2A85420D6F142F1E1AC7009C8655D1F482F724905CEDCA07","SKIP","NO_DOCUMENTO","capturas-sistema-avon-migracion","Capturas operativas de la misma migración AVON."
"I0147","C:\Users\omard\source\repos\RecepcionDocumental\RecepcionDocumental\tools\DocumentAiProbe\H1D3A2i_Imagenes_Historicas_Revision\_candidatos_locales\I0147_image002.jpg","9069630FCBE87CC471ED8A095126C527C273FB8939E8F6786E8961B6019CB4A2","SKIP","NO_DOCUMENTO","alertas-infraestructura-srvedms","Misma familia de alertas técnicas SRVEDMS representada por I0066."
"I0148","C:\Users\omard\source\repos\RecepcionDocumental\RecepcionDocumental\tools\DocumentAiProbe\H1D3A2i_Imagenes_Historicas_Revision\_candidatos_locales\I0148_image001.png","1CBB636BADD4E771B8D6BFDF57FDA48A80D17EDB72417E0ADC0AF0A27F8E26D7","SKIP","NO_DOCUMENTO","alertas-infraestructura-srvedms","Misma familia de alertas técnicas SRVEDMS representada por I0066."
"I0149","C:\Users\omard\source\repos\RecepcionDocumental\RecepcionDocumental\tools\DocumentAiProbe\H1D3A2i_Imagenes_Historicas_Revision\_candidatos_locales\I0149_image007.jpg","CAFBF9E5E590A06FCE5F9C16CE46F2A3E58D55F55F1E4FD8EDCD2876E6EBCC3C","SKIP","NO_DOCUMENTO","branding-avon-natura","Branding AVON/Natura representado por I0125."
"I0150","C:\Users\omard\source\repos\RecepcionDocumental\RecepcionDocumental\tools\DocumentAiProbe\H1D3A2i_Imagenes_Historicas_Revision\_candidatos_locales\I0150_image009.jpg","49D95273A6EF8B9BA6A1FD2B1AD91F81873846E4D023CF2E4B8DAF74428B4E88","SKIP","NO_DOCUMENTO","capturas-error-edms","Errores EDMS representados por I0007."
"I0151","C:\Users\omard\source\repos\RecepcionDocumental\RecepcionDocumental\tools\DocumentAiProbe\H1D3A2i_Imagenes_Historicas_Revision\_candidatos_locales\I0151_image012.jpg","4BEEE55549D12A508BBA5FC9BCFAB70451B5197BB858797C633C0FDC9445C045","SKIP","NO_DOCUMENTO","capturas-error-edms","Errores EDMS representados por I0007."
"I0152","C:\Users\omard\source\repos\RecepcionDocumental\RecepcionDocumental\tools\DocumentAiProbe\H1D3A2i_Imagenes_Historicas_Revision\_candidatos_locales\I0152_image002.png","DCAD7FE1F1AFCB8B2CD34637550F5E3EA842D940FCF2DA8DF0202574DEA581DD","SKIP","NO_DOCUMENTO","branding-avon-natura","Branding AVON/Natura representado por I0125."
"I0153","C:\Users\omard\source\repos\RecepcionDocumental\RecepcionDocumental\tools\DocumentAiProbe\H1D3A2i_Imagenes_Historicas_Revision\_candidatos_locales\I0153_image008.png","E4E251C1587BF8BB819C2D5F0015AB10EE58645B01F7FDE2E2FCF6C231A7BB8B","SKIP","NO_DOCUMENTO","capturas-error-edms","Errores EDMS representados por I0007."
"I0154","C:\Users\omard\source\repos\RecepcionDocumental\RecepcionDocumental\tools\DocumentAiProbe\H1D3A2i_Imagenes_Historicas_Revision\_candidatos_locales\I0154_Sillon.png","02523B356AEC13D925C44F336DDAABE81215EE01EE8BCBDEBFC6714A37D55A28","ADD","OTRO_DOCUMENTO","otro-confirmacion-compra-web","Confirmación real de pago o compra web; comprobante comercial no fiscal."
