DocumentoRecepcionId,ClasificacionAutomatica,ResultadoRevision,EtiquetaRevision,PhysicalFormat,VisualEligibility,NotApplicableReason,VisualProbabilityDocument,VisualPredictedAt050,VisualPredictedAt0726,GroundTruthVisual,CriticalError,DurationMs
"1","REVISAR","","","PDF","ELIGIBLE","","0.81118893623352051","DOCUMENTO","DOCUMENTO","","False","191"
"2","REVISAR","","","PDF","ELIGIBLE","","0.88506990671157837","DOCUMENTO","DOCUMENTO","","False","141"
"3","REVISAR","","","PDF","ELIGIBLE","","0.88883811235427856","DOCUMENTO","DOCUMENTO","","False","152"
"4","REVISAR","","","PDF","ELIGIBLE","","0.79977577924728394","DOCUMENTO","DOCUMENTO","","False","140"
"5","REVISAR","","","JPEG","ELIGIBLE","","0.33023980259895325","NO_DOCUMENTO","NO_DOCUMENTO","","False","102"
"6","REVISAR","","","PDF","ELIGIBLE","","0.96642434597015381","DOCUMENTO","DOCUMENTO","","False","155"
"7","FACTURA","","","PDF","ELIGIBLE","","0.79977577924728394","DOCUMENTO","DOCUMENTO","","False","139"
"8","REVISAR","","","JPEG","ELIGIBLE","","0.00622513797134161","NO_DOCUMENTO","NO_DOCUMENTO","","False","105"
"9","FACTURA","","","PDF","ELIGIBLE","","0.82965683937072754","DOCUMENTO","DOCUMENTO","","False","143"
"10","FACTURA","","","PDF","ELIGIBLE","","0.82965683937072754","DOCUMENTO","DOCUMENTO","","False","139"
"11","FACTURA","","","PDF","ELIGIBLE","","0.79977577924728394","DOCUMENTO","DOCUMENTO","","False","137"
"12","FACTURA","","","PDF","ELIGIBLE","","0.79977577924728394","DOCUMENTO","DOCUMENTO","","False","142"
"13","REVISAR","","","ZIP","NOT_APPLICABLE","FORMATO_FUERA_DOMINIO_H1D4A","","","","","","0"
"14","FACTURA","","","PDF","ELIGIBLE","","0.82965683937072754","DOCUMENTO","DOCUMENTO","","False","142"
"15","FACTURA","","","PDF","ELIGIBLE","","0.91329336166381836","DOCUMENTO","DOCUMENTO","","False","150"
"16","FACTURA","","","PDF","ELIGIBLE","","0.91059881448745728","DOCUMENTO","DOCUMENTO","","False","157"
"17","FACTURA","","","PDF","ELIGIBLE","","0.88687491416931152","DOCUMENTO","DOCUMENTO","","False","147"
"18","FACTURA","","","PDF","ELIGIBLE","","0.79977577924728394","DOCUMENTO","DOCUMENTO","","False","138"
"19","FACTURA","","","PDF","ELIGIBLE","","0.82965683937072754","DOCUMENTO","DOCUMENTO","","False","147"
"20","FACTURA","","","PDF","ELIGIBLE","","0.91329336166381836","DOCUMENTO","DOCUMENTO","","False","142"
"21","FACTURA","","","PDF","ELIGIBLE","","0.89828568696975708","DOCUMENTO","DOCUMENTO","","False","140"
"22","FACTURA","","","PDF","ELIGIBLE","","0.91329336166381836","DOCUMENTO","DOCUMENTO","","False","143"
"23","FACTURA","","","PDF","ELIGIBLE","","0.89828568696975708","DOCUMENTO","DOCUMENTO","","False","145"
"24","REVISAR","","","JPEG","ELIGIBLE","","0.802388608455658","DOCUMENTO","DOCUMENTO","","False","86"
"25","FACTURA","","","JPEG","ELIGIBLE","","0.802388608455658","DOCUMENTO","DOCUMENTO","","False","84"
"26","REVISAR","","","PDF","ELIGIBLE","","0.80507040023803711","DOCUMENTO","DOCUMENTO","","False","183"
"27","REVISAR","","","PDF","ELIGIBLE","","0.81502842903137207","DOCUMENTO","DOCUMENTO","","False","212"
"28","REVISAR","","","JPEG","ELIGIBLE","","0.52710789442062378","DOCUMENTO","NO_DOCUMENTO","","False","4"
"29","REVISAR","","","JPEG","ELIGIBLE","","0.075467467308044434","NO_DOCUMENTO","NO_DOCUMENTO","","False","4"
"30","REVISAR","","","JPEG","ELIGIBLE","","6.3943480199668556E-06","NO_DOCUMENTO","NO_DOCUMENTO","","False","4"
"31","REVISAR","","","JPEG","ELIGIBLE","","0.75883287191390991","DOCUMENTO","DOCUMENTO","","False","4"
"32","REVISAR","","","JPEG","ELIGIBLE","","0.090837232768535614","NO_DOCUMENTO","NO_DOCUMENTO","","False","4"
"33","REVISAR","","","JPEG","ELIGIBLE","","0.24463006854057312","NO_DOCUMENTO","NO_DOCUMENTO","","False","4"
"34","REVISAR","","","JPEG","ELIGIBLE","","0.001798340817913413","NO_DOCUMENTO","NO_DOCUMENTO","","False","4"
"35","REVISAR","","","JPEG","ELIGIBLE","","0.0002717692987062037","NO_DOCUMENTO","NO_DOCUMENTO","","False","4"
"36","REVISAR","","","JPEG","ELIGIBLE","","1.4804363956955058E-07","NO_DOCUMENTO","NO_DOCUMENTO","","False","4"
"37","REVISAR","","","JPEG","ELIGIBLE","","0.46977618336677551","NO_DOCUMENTO","NO_DOCUMENTO","","False","4"
"38","REVISAR","","","JPEG","ELIGIBLE","","0.0060172472149133682","NO_DOCUMENTO","NO_DOCUMENTO","","False","4"
"39","REVISAR","","","JPEG","ELIGIBLE","","1.4804363956955058E-07","NO_DOCUMENTO","NO_DOCUMENTO","","False","4"
"40","REVISAR","","","JPEG","ELIGIBLE","","1.4804363956955058E-07","NO_DOCUMENTO","NO_DOCUMENTO","","False","4"
"41","REVISAR","","","JPEG","ELIGIBLE","","0.64139491319656372","DOCUMENTO","NO_DOCUMENTO","","False","4"
"42","REVISAR","","","JPEG","ELIGIBLE","","0.060526624321937561","NO_DOCUMENTO","NO_DOCUMENTO","","False","4"
"43","REVISAR","","","JPEG","ELIGIBLE","","0.0046051130630075932","NO_DOCUMENTO","NO_DOCUMENTO","","False","4"
"44","REVISAR","","","JPEG","ELIGIBLE","","0.66273587942123413","DOCUMENTO","NO_DOCUMENTO","","False","4"
"45","REVISAR","","","JPEG","ELIGIBLE","","0.00512477895244956","NO_DOCUMENTO","NO_DOCUMENTO","","False","4"
"46","REVISAR","","","JPEG","ELIGIBLE","","0.0017218514112755656","NO_DOCUMENTO","NO_DOCUMENTO","","False","4"
"47","REVISAR","","","PNG","ELIGIBLE","","0.40790623426437378","NO_DOCUMENTO","NO_DOCUMENTO","","False","4"
"48","REVISAR","","","JPEG","ELIGIBLE","","0.86592316627502441","DOCUMENTO","DOCUMENTO","","False","4"
"49","REVISAR","","","JPEG","ELIGIBLE","","0.065092615783214569","NO_DOCUMENTO","NO_DOCUMENTO","","False","4"
"50","REVISAR","","","PNG","ELIGIBLE","","0.64364099502563477","DOCUMENTO","NO_DOCUMENTO","","False","4"
"51","REVISAR","","","JPEG","ELIGIBLE","","0.23025836050510406","NO_DOCUMENTO","NO_DOCUMENTO","","False","4"
"52","REVISAR","","","JPEG","ELIGIBLE","","0.989845871925354","DOCUMENTO","DOCUMENTO","","False","4"
"53","REVISAR","","","PNG","ELIGIBLE","","0.74279642105102539","DOCUMENTO","DOCUMENTO","","False","4"
"54","REVISAR","","","JPEG","ELIGIBLE","","0.0087468763813376427","NO_DOCUMENTO","NO_DOCUMENTO","","False","4"
"55","REVISAR","","","JPEG","ELIGIBLE","","0.040467880666255951","NO_DOCUMENTO","NO_DOCUMENTO","","False","4"
"56","REVISAR","","","PNG","ELIGIBLE","","0.7268332839012146","DOCUMENTO","DOCUMENTO","","False","4"
"57","REVISAR","","","JPEG","ELIGIBLE","","0.024869754910469055","NO_DOCUMENTO","NO_DOCUMENTO","","False","4"
"58","REVISAR","","","JPEG","ELIGIBLE","","0.91108852624893188","DOCUMENTO","DOCUMENTO","","False","4"
"59","REVISAR","","","PNG","ELIGIBLE","","0.67585128545761108","DOCUMENTO","NO_DOCUMENTO","","False","4"
"60","REVISAR","","","JPEG","ELIGIBLE","","0.017607390880584717","NO_DOCUMENTO","NO_DOCUMENTO","","False","4"
"61","REVISAR","","","JPEG","ELIGIBLE","","0.39800560474395752","NO_DOCUMENTO","NO_DOCUMENTO","","False","4"
"62","REVISAR","","","PNG","ELIGIBLE","","0.28971481323242188","NO_DOCUMENTO","NO_DOCUMENTO","","False","4"
"63","REVISAR","","","JPEG","ELIGIBLE","","0.4885374903678894","NO_DOCUMENTO","NO_DOCUMENTO","","False","4"
"64","REVISAR","","","JPEG","ELIGIBLE","","0.992041826248169","DOCUMENTO","DOCUMENTO","","False","4"
"65","REVISAR","","","PDF","ELIGIBLE","","0.82895809412002563","DOCUMENTO","DOCUMENTO","","False","209"
"66","REVISAR","","","PNG","ELIGIBLE","","0.80211937427520752","DOCUMENTO","DOCUMENTO","","False","7"
"67","REVISAR","","","PNG","ELIGIBLE","","0.18445616960525513","NO_DOCUMENTO","NO_DOCUMENTO","","False","5"
"68","FACTURA","","","PDF","ELIGIBLE","","0.80507040023803711","DOCUMENTO","DOCUMENTO","","False","180"
"69","REVISAR","","","JPEG","ELIGIBLE","","0.060526624321937561","NO_DOCUMENTO","NO_DOCUMENTO","","False","4"
"70","REVISAR","","","JPEG","ELIGIBLE","","0.090837232768535614","NO_DOCUMENTO","NO_DOCUMENTO","","False","4"
"71","REVISAR","","","JPEG","ELIGIBLE","","0.46977618336677551","NO_DOCUMENTO","NO_DOCUMENTO","","False","4"
"72","REVISAR","","","JPEG","ELIGIBLE","","0.001798340817913413","NO_DOCUMENTO","NO_DOCUMENTO","","False","4"
"73","FACTURA","","","JPEG","ELIGIBLE","","0.802388608455658","DOCUMENTO","DOCUMENTO","","False","85"
"74","FACTURA","","","JPEG","ELIGIBLE","","0.802388608455658","DOCUMENTO","DOCUMENTO","","False","85"
"75","REVISAR","","","JPEG","ELIGIBLE","","0.46977618336677551","NO_DOCUMENTO","NO_DOCUMENTO","","False","4"
"76","REVISAR","","","JPEG","ELIGIBLE","","0.001798340817913413","NO_DOCUMENTO","NO_DOCUMENTO","","False","4"
"77","REVISAR","","","JPEG","ELIGIBLE","","0.060526624321937561","NO_DOCUMENTO","NO_DOCUMENTO","","False","4"
"78","REVISAR","","","JPEG","ELIGIBLE","","0.090837232768535614","NO_DOCUMENTO","NO_DOCUMENTO","","False","4"
"79","REVISAR","","","JPEG","ELIGIBLE","","0.060526624321937561","NO_DOCUMENTO","NO_DOCUMENTO","","False","4"
"80","REVISAR","","","JPEG","ELIGIBLE","","0.090837232768535614","NO_DOCUMENTO","NO_DOCUMENTO","","False","4"
"81","REVISAR","","","JPEG","ELIGIBLE","","0.001798340817913413","NO_DOCUMENTO","NO_DOCUMENTO","","False","4"
"82","REVISAR","","","JPEG","ELIGIBLE","","0.46977618336677551","NO_DOCUMENTO","NO_DOCUMENTO","","False","4"
"83","FACTURA","","","JPEG","ELIGIBLE","","0.802388608455658","DOCUMENTO","DOCUMENTO","","False","90"
"10079","REVISAR","FACTURA","","PDF","ELIGIBLE","","0.83608198165893555","DOCUMENTO","DOCUMENTO","","False","134"
"10080","FACTURA","","","PDF","ELIGIBLE","","0.85294407606124878","DOCUMENTO","DOCUMENTO","","False","176"
"10081","REVISAR","","","JPEG","ELIGIBLE","","1.8957849761136458E-06","NO_DOCUMENTO","NO_DOCUMENTO","","False","4"
"10082","REVISAR","","","JPEG","ELIGIBLE","","0.075467467308044434","NO_DOCUMENTO","NO_DOCUMENTO","","False","4"
"10083","REVISAR","","","JPEG","ELIGIBLE","","0.0017810828285291791","NO_DOCUMENTO","NO_DOCUMENTO","","False","4"
"10084","REVISAR","","","JPEG","ELIGIBLE","","0.00032916775671765208","NO_DOCUMENTO","NO_DOCUMENTO","","False","4"
"10085","REVISAR","","","JPEG","ELIGIBLE","","0.0035658043343573809","NO_DOCUMENTO","NO_DOCUMENTO","","False","4"
"10086","REVISAR","","","JPEG","ELIGIBLE","","0.24463006854057312","NO_DOCUMENTO","NO_DOCUMENTO","","False","4"
"10087","REVISAR","","","JPEG","ELIGIBLE","","0.0035380406770855188","NO_DOCUMENTO","NO_DOCUMENTO","","False","4"
"10088","REVISAR","","","JPEG","ELIGIBLE","","0.63947600126266479","DOCUMENTO","NO_DOCUMENTO","","False","4"
"10089","REVISAR","","","JPEG","ELIGIBLE","","0.73238241672515869","DOCUMENTO","DOCUMENTO","","False","4"
"10090","REVISAR","","","JPEG","ELIGIBLE","","0.23663133382797241","NO_DOCUMENTO","NO_DOCUMENTO","","False","4"
"10091","REVISAR","","","JPEG","ELIGIBLE","","0.26737388968467712","NO_DOCUMENTO","NO_DOCUMENTO","","False","4"
"10092","REVISAR","","","JPEG","ELIGIBLE","","1.4804363956955058E-07","NO_DOCUMENTO","NO_DOCUMENTO","","False","4"
"10093","REVISAR","","","JPEG","ELIGIBLE","","0.0612957589328289","NO_DOCUMENTO","NO_DOCUMENTO","","False","4"
"10094","REVISAR","","","JPEG","ELIGIBLE","","0.022992672398686409","NO_DOCUMENTO","NO_DOCUMENTO","","False","4"
"10095","REVISAR","","","JPEG","ELIGIBLE","","0.49255591630935669","NO_DOCUMENTO","NO_DOCUMENTO","","False","4"
"10096","REVISAR","","","JPEG","ELIGIBLE","","0.88329946994781494","DOCUMENTO","DOCUMENTO","","False","4"
"10097","REVISAR","","","PNG","ELIGIBLE","","0.40790623426437378","NO_DOCUMENTO","NO_DOCUMENTO","","False","4"
"10098","REVISAR","","","JPEG","ELIGIBLE","","0.10176479071378708","NO_DOCUMENTO","NO_DOCUMENTO","","False","4"
"10099","REVISAR","","","JPEG","ELIGIBLE","","0.0021858382970094681","NO_DOCUMENTO","NO_DOCUMENTO","","False","4"
"10100","REVISAR","","","PNG","ELIGIBLE","","0.64364099502563477","DOCUMENTO","NO_DOCUMENTO","","False","4"
"10101","REVISAR","","","JPEG","ELIGIBLE","","0.14122097194194794","NO_DOCUMENTO","NO_DOCUMENTO","","False","4"
"10102","REVISAR","","","JPEG","ELIGIBLE","","0.096478603780269623","NO_DOCUMENTO","NO_DOCUMENTO","","False","4"
"10103","REVISAR","","","PNG","ELIGIBLE","","0.74279642105102539","DOCUMENTO","DOCUMENTO","","False","4"
"10104","REVISAR","","","JPEG","ELIGIBLE","","0.56834441423416138","DOCUMENTO","NO_DOCUMENTO","","False","4"
"10105","REVISAR","","","JPEG","ELIGIBLE","","0.012887577526271343","NO_DOCUMENTO","NO_DOCUMENTO","","False","4"
"10106","REVISAR","","","PNG","ELIGIBLE","","0.7268332839012146","DOCUMENTO","DOCUMENTO","","False","4"
"10107","REVISAR","","","JPEG","ELIGIBLE","","8.9428271166980267E-05","NO_DOCUMENTO","NO_DOCUMENTO","","False","4"
"10108","REVISAR","","","JPEG","ELIGIBLE","","0.87240970134735107","DOCUMENTO","DOCUMENTO","","False","4"
"10109","REVISAR","","","PNG","ELIGIBLE","","0.67585128545761108","DOCUMENTO","NO_DOCUMENTO","","False","4"
"10110","REVISAR","","","JPEG","ELIGIBLE","","5.5573338613612577E-05","NO_DOCUMENTO","NO_DOCUMENTO","","False","4"
"10111","REVISAR","","","JPEG","ELIGIBLE","","0.048821937292814255","NO_DOCUMENTO","NO_DOCUMENTO","","False","4"
"10112","REVISAR","","","PNG","ELIGIBLE","","0.28971481323242188","NO_DOCUMENTO","NO_DOCUMENTO","","False","4"
"10113","REVISAR","","","JPEG","ELIGIBLE","","0.745507538318634","DOCUMENTO","DOCUMENTO","","False","4"
"10114","REVISAR","","","JPEG","ELIGIBLE","","0.17189586162567139","NO_DOCUMENTO","NO_DOCUMENTO","","False","4"
"10115","REVISAR","","","JPEG","ELIGIBLE","","0.76234513521194458","DOCUMENTO","DOCUMENTO","","False","4"
"10117","FACTURA","","","PDF","ELIGIBLE","","0.85294407606124878","DOCUMENTO","DOCUMENTO","","False","176"
"10118","REVISAR","","","PDF","ELIGIBLE","","0.83608198165893555","DOCUMENTO","DOCUMENTO","","False","131"
