Sha256,ImageIndex,Width,Height,Format,Bytes
"83E0306FF5707DBDEBFC9AD88A3634DF1D24B33FAA5A733B74A629090F74A53D","1","397","299","PNG_CONVERTED","66058"
"83E0306FF5707DBDEBFC9AD88A3634DF1D24B33FAA5A733B74A629090F74A53D","2","1140","1140","PNG_CONVERTED","59038"
"83E0306FF5707DBDEBFC9AD88A3634DF1D24B33FAA5A733B74A629090F74A53D","3","174","60","PNG_CONVERTED","1473"
"83E0306FF5707DBDEBFC9AD88A3634DF1D24B33FAA5A733B74A629090F74A53D","4","433","80","PNG_CONVERTED","6597"
"83E0306FF5707DBDEBFC9AD88A3634DF1D24B33FAA5A733B74A629090F74A53D","5","228","38","PNG_CONVERTED","4196"
"030126CE7D614353FF03F90C126B6D2C3746D913B36523810DF4F1B51326D882","1","360","360","PNG_CONVERTED","17336"
"030126CE7D614353FF03F90C126B6D2C3746D913B36523810DF4F1B51326D882","2","360","360","PNG_CONVERTED","1166"
"53531D26119A3A91D8160D16D8081238C94A83B00EADEEECB6BED96F35C0D21F","1","360","360","PNG_CONVERTED","17044"
"53531D26119A3A91D8160D16D8081238C94A83B00EADEEECB6BED96F35C0D21F","2","360","360","PNG_CONVERTED","1166"
"92914214759A1969F8F6DA6FC3EAF436EEC02704E5B3141C282C9D183B15D2BC","1","360","360","PNG_CONVERTED","17141"
"92914214759A1969F8F6DA6FC3EAF436EEC02704E5B3141C282C9D183B15D2BC","2","360","360","PNG_CONVERTED","1166"
"963E9941D8D3A90BDACCFDDA949B7EEDD535A2ED456FA063B67893EC4D759786","1","360","360","PNG_CONVERTED","17604"
"963E9941D8D3A90BDACCFDDA949B7EEDD535A2ED456FA063B67893EC4D759786","2","360","360","PNG_CONVERTED","1166"
"C2C93818726DAC52E58536C78525B62A417DEC82F9491E4941E8AEE2CFA42B42","1","360","360","PNG_CONVERTED","17016"
"C2C93818726DAC52E58536C78525B62A417DEC82F9491E4941E8AEE2CFA42B42","2","360","360","PNG_CONVERTED","1166"
"E8066B5FA877947A47862B566C3A752FD1BA514973CD2B01A7AD31803BBDD28B","1","198","198","PNG_CONVERTED","9319"
"B4C8FA3786E8BA119F3C5F40F1BF5868D7591D0E865FF2AF84F7235674F33C88","1","730","730","PNG_CONVERTED","48380"
"B4C8FA3786E8BA119F3C5F40F1BF5868D7591D0E865FF2AF84F7235674F33C88","2","730","730","PNG_CONVERTED","48380"
"B4C8FA3786E8BA119F3C5F40F1BF5868D7591D0E865FF2AF84F7235674F33C88","3","730","730","PNG_CONVERTED","48380"
"D0998159322E7036852951E3B6BB4631E0A5EF21ADFC0DFC39679D4F410C959F","1","730","730","PNG_CONVERTED","55905"
"D0998159322E7036852951E3B6BB4631E0A5EF21ADFC0DFC39679D4F410C959F","2","730","730","PNG_CONVERTED","55905"
"D0998159322E7036852951E3B6BB4631E0A5EF21ADFC0DFC39679D4F410C959F","3","730","730","PNG_CONVERTED","55905"
"681D494D1EABD2B24BA13F9F99B3AC5F6D565688BB7368714C430C5395C5A868","1","346","74","PNG_CONVERTED","5193"
"681D494D1EABD2B24BA13F9F99B3AC5F6D565688BB7368714C430C5395C5A868","2","360","360","PNG_CONVERTED","17294"
"681D494D1EABD2B24BA13F9F99B3AC5F6D565688BB7368714C430C5395C5A868","3","360","360","PNG_CONVERTED","1166"
"2CDC2802080A93C44CC6959AF2AC254546F4652B24A22C9B75546BEDFDB0A3EA","1","174","60","PNG_CONVERTED","2966"
"70943A213A862A315DB451BAFBADDBFE5C0E45D694BF40FD8E5430FF47A032BA","1","850","1170","PNG_CONVERTED","2116665"
"382662294B57C459DB9F1231FE0503A77176D130F8EA1BFB709132C3115F1A49","1","360","360","PNG_CONVERTED","17184"
"382662294B57C459DB9F1231FE0503A77176D130F8EA1BFB709132C3115F1A49","2","360","360","PNG_CONVERTED","1166"
"382662294B57C459DB9F1231FE0503A77176D130F8EA1BFB709132C3115F1A49","3","671","290","PNG_CONVERTED","32433"
"382662294B57C459DB9F1231FE0503A77176D130F8EA1BFB709132C3115F1A49","4","360","360","PNG_CONVERTED","1166"
"382662294B57C459DB9F1231FE0503A77176D130F8EA1BFB709132C3115F1A49","5","671","290","PNG_CONVERTED","32433"
"382662294B57C459DB9F1231FE0503A77176D130F8EA1BFB709132C3115F1A49","6","360","360","PNG_CONVERTED","17184"
"382662294B57C459DB9F1231FE0503A77176D130F8EA1BFB709132C3115F1A49","7","360","360","PNG_CONVERTED","1166"
"382662294B57C459DB9F1231FE0503A77176D130F8EA1BFB709132C3115F1A49","8","360","360","PNG_CONVERTED","17184"
"382662294B57C459DB9F1231FE0503A77176D130F8EA1BFB709132C3115F1A49","9","671","290","PNG_CONVERTED","32433"
"4C4A524F6C4F42DB654184D20C435FAAFCACA3F08AE9CF313F55ED571DDEAFE3","1","472","158","PNG_CONVERTED","5555"
"D86F134415A04E0606A287E30878EC7914E9DF74B3B4C92B1EF28FD94B366E94","1","472","158","PNG_CONVERTED","5555"
