Id,Name,Classification,FilePresent,SupportedVisualFormat
"1","Orden de Compra.pdf","REVISAR","True","True"
"2","Credencial_23175875379 (202509) (1).pdf","REVISAR","True","True"
"3","NC_00002_00000001.pdf","REVISAR","True","True"
"4","FacturaC_PV00004_00000002.pdf","REVISAR","True","True"
"5","2012-08-24-031.jpg","REVISAR","True","True"
"6","746omar-silverii_edi-sa-comRESDIA201620261635.pdf","REVISAR","True","True"
"7","FacturaC_PV00004_00000002.pdf","FACTURA","True","True"
"8","2013-04-29-465.jpg","REVISAR","True","True"
"9","23175875379_011_00003_00000097.pdf","FACTURA","True","True"
"10","23175875379_011_00003_00000097.pdf","FACTURA","True","True"
"11","FacturaC_PV00004_00000002.pdf","FACTURA","True","True"
"12","FacturaC_PV00004_00000002.pdf","FACTURA","True","True"
"13","Nota de Pedido de Compras.docx","REVISAR","True","False"
"14","23175875379_011_00003_00000097.pdf","FACTURA","True","True"
"15","QUIROGA_LUISINA_BELEN_CB_96-033-185-889_2016-02-01_2016-03-31_2026-08-05_01.txt_Final (1).pdf","FACTURA","True","True"
"16","QUIROGA_LUISINA_BELEN_QRyCB_96-033-185-889_2021-08-01_2022-03-31_2026-08-05_01.txt_Final (1).pdf","FACTURA","True","True"
"17","CALLEJAS_LORENA _QRyCB_96-026-522-436_2023-09-01_2023-12-31_2026-08-05_01.txt_Final (1).pdf","FACTURA","True","True"
"18","FacturaC_PV00004_00000002.pdf","FACTURA","True","True"
"19","23175875379_011_00003_00000097.pdf","FACTURA","False","True"
"20","QUIROGA_LUISINA_BELEN_CB_96-033-185-889_2016-02-01_2016-03-31_2026-08-05_01.txt_Final (1).pdf","FACTURA","True","True"
"21","EDMS_7142_7140_ZB2B_001_05003_00036969_70001729_70001729.pdf","FACTURA","True","True"
"22","QUIROGA_LUISINA_BELEN_CB_96-033-185-889_2016-02-01_2016-03-31_2026-08-05_01.txt_Final (1).pdf","FACTURA","True","True"
"23","EDMS_7142_7140_ZB2B_001_05003_00036969_70001729_70001729.pdf","FACTURA","True","True"
"24","FacturaC_PV00004_00000002-1.jpg","REVISAR","True","True"
"25","FacturaC_PV00004_00000002-1.jpg","FACTURA","True","True"
"26","FacturaSINQR.pdf","REVISAR","True","True"
"27","PRUEBA_OCR_PDF_MDOC.pdf","REVISAR","True","True"
"28","24.jpeg","REVISAR","True","True"
"29","25.jpeg","REVISAR","True","True"
"30","26.jpeg","REVISAR","True","True"
"31","41.jpeg","REVISAR","True","True"
"32","1.jpeg","REVISAR","True","True"
"33","27.jpeg","REVISAR","True","True"
"34","2.jpeg","REVISAR","True","True"
"35","11.jpeg","REVISAR","True","True"
"36","28.jpeg","REVISAR","True","True"
"37","3.jpeg","REVISAR","True","True"
"38","12.jpeg","REVISAR","True","True"
"39","30.jpeg","REVISAR","True","True"
"40","29.jpeg","REVISAR","True","True"
"41","13.jpeg","REVISAR","True","True"
"42","4.jpeg","REVISAR","True","True"
"43","14.jpeg","REVISAR","True","True"
"44","5.jpeg","REVISAR","True","True"
"45","15.jpeg","REVISAR","True","True"
"46","6.jpeg","REVISAR","True","True"
"47","35.png","REVISAR","True","True"
"48","16.jpeg","REVISAR","True","True"
"49","7.jpeg","REVISAR","True","True"
"50","36.png","REVISAR","True","True"
"51","17.jpeg","REVISAR","True","True"
"52","8.jpeg","REVISAR","True","True"
"53","37.png","REVISAR","True","True"
"54","18.jpeg","REVISAR","True","True"
"55","9.jpeg","REVISAR","True","True"
"56","38.png","REVISAR","True","True"
"57","19.jpeg","REVISAR","True","True"
"58","10.jpeg","REVISAR","True","True"
"59","42.png","REVISAR","True","True"
"60","21.jpeg","REVISAR","True","True"
"61","20.jpeg","REVISAR","True","True"
"62","40.png","REVISAR","True","True"
"63","22.jpeg","REVISAR","True","True"
"64","23.jpeg","REVISAR","True","True"
"65","ejemplo.pdf","REVISAR","True","True"
"66","image001.png","REVISAR","True","True"
"67","image002.png","REVISAR","True","True"
"68","FacturaSINQR_fa8700c24dbd.pdf","FACTURA","True","True"
"69","4_3074beb4520e.jpeg","REVISAR","True","True"
"70","1_d9afaf729e3d.jpeg","REVISAR","True","True"
"71","3_c75e7bfb18ec.jpeg","REVISAR","True","True"
"72","2_420379d4ff45.jpeg","REVISAR","True","True"
"73","FacturaC_PV00004_00000002-1_122412579cb7.jpg","FACTURA","True","True"
"74","FacturaC_PV00004_00000002-1_122412579cb7_122412579cb7.jpg","FACTURA","True","True"
"75","3_c75e7bfb18ec_c75e7bfb18ec.jpeg","REVISAR","True","True"
"76","2_420379d4ff45_420379d4ff45.jpeg","REVISAR","True","True"
"77","4_3074beb4520e_3074beb4520e.jpeg","REVISAR","True","True"
"78","1_d9afaf729e3d_d9afaf729e3d.jpeg","REVISAR","True","True"
"79","4_3074beb4520e_3074beb4520e_3074beb4520e.jpeg","REVISAR","True","True"
"80","1_d9afaf729e3d_d9afaf729e3d_d9afaf729e3d.jpeg","REVISAR","True","True"
"81","2_420379d4ff45_420379d4ff45_420379d4ff45.jpeg","REVISAR","True","True"
"82","3_c75e7bfb18ec_c75e7bfb18ec_c75e7bfb18ec.jpeg","REVISAR","True","True"
"83","FacturaC_PV00004_00000002-1_122412579cb7.jpg","FACTURA","True","True"
"10079","b4c8fa3786e8_Z001023243075.pdf","FACTURA","True","True"
"10080","e8066b5fa877_Z001023243349.pdf","FACTURA","True","True"
"10081","24.jpeg","REVISAR","True","True"
"10082","25.jpeg","REVISAR","True","True"
"10083","26.jpeg","REVISAR","True","True"
"10084","27.jpeg","REVISAR","True","True"
"10085","1.jpeg","REVISAR","True","True"
"10086","28.jpeg","REVISAR","True","True"
"10087","2.jpeg","REVISAR","True","True"
"10088","11.jpeg","REVISAR","True","True"
"10089","29.jpeg","REVISAR","True","True"
"10090","3.jpeg","REVISAR","True","True"
"10091","12.jpeg","REVISAR","True","True"
"10092","30.jpeg","REVISAR","True","True"
"10093","13.jpeg","REVISAR","True","True"
"10094","4.jpeg","REVISAR","True","True"
"10095","14.jpeg","REVISAR","True","True"
"10096","5.jpeg","REVISAR","True","True"
"10097","35.png","REVISAR","True","True"
"10098","15.jpeg","REVISAR","True","True"
"10099","6.jpeg","REVISAR","True","True"
"10100","36.png","REVISAR","True","True"
"10101","16.jpeg","REVISAR","True","True"
"10102","7.jpeg","REVISAR","True","True"
"10103","37.png","REVISAR","True","True"
"10104","17.jpeg","REVISAR","True","True"
"10105","8.jpeg","REVISAR","True","True"
"10106","38.png","REVISAR","True","True"
"10107","18.jpeg","REVISAR","True","True"
"10108","9.jpeg","REVISAR","True","True"
"10109","41.png","REVISAR","True","True"
"10110","19.jpeg","REVISAR","True","True"
"10111","10.jpeg","REVISAR","True","True"
"10112","40.png","REVISAR","True","True"
"10113","21.jpeg","REVISAR","True","True"
"10114","20.jpeg","REVISAR","True","True"
"10115","22.jpeg","REVISAR","True","True"
"10116","23.jpeg","DESCARTAR","False","True"
"10117","e8066b5fa877_Z001023243349.pdf","FACTURA","True","True"
"10118","b4c8fa3786e8_Z001023243075.pdf","REVISAR","True","True"
"10175","082026.pdf","REVISAR","True","True"
"10176","NOTIFICACION AGOSTO.pdf","REVISAR","True","True"
