1	221775	999FBF2C511BEF61577E45BE48F034B1AABDC5692AEB747159BD61CF408F6BB4
2	8214	2CDC2802080A93C44CC6959AF2AC254546F4652B24A22C9B75546BEDFDB0A3EA
3	14065	6DB7AD704B49BFC71197B65C40C94E926183B498F4CFEB7553FAE26B2BC534A3
4	5745	3E87D13A5E3CAE28D92F351E23959A204ADB28EC40ECAEBC747B3482D87C1877
5	1529566	EC91DE96F8A25E7EE60D3F37BF910A33AE2F346FEE43CEEEF8DFD14BB3F53973
6	81662	4CB36B9488EDCAA6B27FEF1B0A3524525E14E115CF2045F118B032995E653587
7	5745	3E87D13A5E3CAE28D92F351E23959A204ADB28EC40ECAEBC747B3482D87C1877
8	1206427	74DA980974A41F7B871D2C47FD7A44101AB5661F1393C6FEFD5399CAA02A68DD
9	54369	5272B4FCD7DB9F69EA44235E6621293930389D7D5FA36F199B5FAC6FBA2DEDA5
10	54369	5272B4FCD7DB9F69EA44235E6621293930389D7D5FA36F199B5FAC6FBA2DEDA5
11	5745	3E87D13A5E3CAE28D92F351E23959A204ADB28EC40ECAEBC747B3482D87C1877
12	5745	3E87D13A5E3CAE28D92F351E23959A204ADB28EC40ECAEBC747B3482D87C1877
13	10759	25A28F76A857A367804870624BA66C6C5046AAEDFF21B694520F9AFD4AE4D1F7
14	54369	5272B4FCD7DB9F69EA44235E6621293930389D7D5FA36F199B5FAC6FBA2DEDA5
15	74568	73938D63A261576FFEB30B2C0E33DBE085B1C870F5DFA41FB6DE596F57A839D8
16	546058	F50F6C92444D2ACEB723966ED7C5DEBA360D455EA773AC861715F7FC834492CF
17	465209	3E2EDEBC7D7154C282B00A6431D2AB965F4C140DC951A41325B17EA6CD4A6AF6
18	5745	3E87D13A5E3CAE28D92F351E23959A204ADB28EC40ECAEBC747B3482D87C1877
19	MISSING
20	74568	73938D63A261576FFEB30B2C0E33DBE085B1C870F5DFA41FB6DE596F57A839D8
21	112180	5E8DD1B162CD0DD53E297362595BB3BE6CF0D4A3AA3803D214C679FD4CBD69F1
22	74568	73938D63A261576FFEB30B2C0E33DBE085B1C870F5DFA41FB6DE596F57A839D8
23	112180	5E8DD1B162CD0DD53E297362595BB3BE6CF0D4A3AA3803D214C679FD4CBD69F1
24	691491	122412579CB7F775A638F44BF40EACB229C173965B54C8B8FBC969D28DA6F2DC
25	691491	122412579CB7F775A638F44BF40EACB229C173965B54C8B8FBC969D28DA6F2DC
26	348377	FA8700C24DBDFE130D17A72C536CC9DCF1639DD4A8C5E313DB18605F70DAEED5
27	559552	8AE4509AEFA61A7ABB180BC7A0514AD169E1E8047C07D7544D3D0CB800B4E3FC
28	4725	1533ECC93604C1AD6FD38F1CF89555FC6B7240F87EE160679B004577562D1818
29	5282	40796305F53D20B761E1B790308606E5BEC2F127729A82ACD5A837E16CDD6894
30	4582	4881EFD67C2FAB4B6270797E1597A4FD4E09C9AA9AD4DBEE4B8ABF3156B7D7B6
31	8240	B61F814AC9B6DB34D9C7B8F54C30F55D88DEBF263376818523982E2F30832260
32	4091	D9AFAF729E3D7965CE69B7DA7477640EFE7CB3725C7753E3C22305D06BF77C6B
33	5099	B8EBFC56ABA6E9A0692A5CD4AF4555DB46CF3946CAD0047A836D783901F44CC3
34	4936	420379D4FF45B52472616C5A8459D276BB554D35EDE54A04C1B87AC1B570FA5D
35	3948	332CAFE9FAD2C5B52AB979FE1B26296D548E5DFB35D21DAC1AA40EB22C32D556
36	2093	70E66819C0543E91E083C4DCB487D78F849D1483F8A84257FA32F9F7D957B74E
37	3269	C75E7BFB18EC83D322CBC9C7864ACF896FC8FD54B61BEEEFF0B21041CD980B93
38	3286	6B2928BD36DFA7F4A4002870172A8B35EC3818AD6D04DB1D79B334D32523A88F
39	2093	70E66819C0543E91E083C4DCB487D78F849D1483F8A84257FA32F9F7D957B74E
40	2093	70E66819C0543E91E083C4DCB487D78F849D1483F8A84257FA32F9F7D957B74E
41	4329	BCBA603725335AFE373FCC06808B12F3C733F624F6A9FD931C0FC45B50E26FCF
42	4158	3074BEB4520E7F5C93B9E755FDEADDD8A18AB8D4E67C314BB2B45D0CA5B72611
43	5618	0A3DEB14801527F39CBD98648C9A1BD8A5187375704AB233521A54B77EB22536
44	4735	2FED230F563FBBEEAD638A70D97F3E180D8E30FDC5C7864C9F9BF873045CC673
45	2857	AB4B921667596B8A68F6695A4D3815601602F5E53020F600085D01CF1CB31889
46	4398	F1398D3CDD9A049AB90FF7245E5C054D0D54B7CF628CABCA63C923EC9BBDB635
47	397	15ED536B42D37302D1DD306E1E2F9C46AA07C069EC3DE614660DA7B6ECE627C0
48	4666	A141AB211946D04F2788BA9EDD1EB1FA20CB1243971BCA8D22614FA2BEBC8650
49	5090	614EF0D74C9265E3BBE71DEA81666E843DDE6A26EF23AF065B4122AFF9AB9CE5
50	1466	31575D5B5D47FBA2E54DE2227B09B7B9226DE933197061CB76F8C07CBBE00E1B
51	4220	BB216D6C5B4045F87320DB6B2479FAF9EAFCA51A3366DC1D58011837864EE34E
52	2283	8B75B4D151B4DC7E135399CE7AAB06E9EF62760D8B58CDAE350E9E5A5B30C2B4
53	2557	B6524C56C8E4C7F199F98CE0E2EBE84BEC72DA783A9E5A1DA9FC17505080F44F
54	3997	6C27C3B586C04759CEC49A2B89B88E20FB7A7A259C6FD127B4BA82636177A815
55	4564	490B7D7D4BC531662EC7B56524A1919233B00C25B908EF1FAF4FD8FD704269C0
56	2461	0FC63DD9E38B9696A0105B38959D1C7FDEBCABDF123E4EDA8CF18DA5D7382F1B
57	5329	1703A3EB2222EFB185944D830E50FCE38CF79644326D111A9C475AB5EF597643
58	3525	45290B90E6BEFC6CF12A418867747E96645174F343214E319EE0B77AC2B71495
59	4386	0EF37A45898658CCA6C6E9A3A57946875F92E0AC0AF3C602DA2E9086380F6AE4
60	5516	F49001D3DE7D8DB536434F163B93DAE39D125E6BAD34963A50C297D7BD8D168A
61	3597	4AC7F62A9F12900CD4A815CBA23E8AD620E7A367B2BA2CE136375F05C193F35B
62	352	725A2E074ACF34FDDF028A95FBD149AEEEFEBAE822559326391D391883B1BBD6
63	4101	A58E4284F9E6925D82E14206C28F434BDD9F228907EB9DCC985B26A6252C818A
64	3254	51F8BDA5C280206B087E4BD741C261CE6017BAD3247CEA7F4849F2A028C625D8
65	101204	87A764A1ABEA7D9AD77C2CABCC6884FBD81664B5CF08D2D66B330A46773AE511
66	97462	2D246A2651752808442383D814C806437999B4C22FD2E77D18BEDAF2AC6786AB
67	13859	94F6E14058C816126DE54ADD5ABC33BE7B27923DDB132FBC9590101D1E82C8D7
68	348377	FA8700C24DBDFE130D17A72C536CC9DCF1639DD4A8C5E313DB18605F70DAEED5
69	4158	3074BEB4520E7F5C93B9E755FDEADDD8A18AB8D4E67C314BB2B45D0CA5B72611
70	4091	D9AFAF729E3D7965CE69B7DA7477640EFE7CB3725C7753E3C22305D06BF77C6B
71	3269	C75E7BFB18EC83D322CBC9C7864ACF896FC8FD54B61BEEEFF0B21041CD980B93
72	4936	420379D4FF45B52472616C5A8459D276BB554D35EDE54A04C1B87AC1B570FA5D
73	691491	122412579CB7F775A638F44BF40EACB229C173965B54C8B8FBC969D28DA6F2DC
74	691491	122412579CB7F775A638F44BF40EACB229C173965B54C8B8FBC969D28DA6F2DC
75	3269	C75E7BFB18EC83D322CBC9C7864ACF896FC8FD54B61BEEEFF0B21041CD980B93
76	4936	420379D4FF45B52472616C5A8459D276BB554D35EDE54A04C1B87AC1B570FA5D
77	4158	3074BEB4520E7F5C93B9E755FDEADDD8A18AB8D4E67C314BB2B45D0CA5B72611
78	4091	D9AFAF729E3D7965CE69B7DA7477640EFE7CB3725C7753E3C22305D06BF77C6B
79	4158	3074BEB4520E7F5C93B9E755FDEADDD8A18AB8D4E67C314BB2B45D0CA5B72611
80	4091	D9AFAF729E3D7965CE69B7DA7477640EFE7CB3725C7753E3C22305D06BF77C6B
81	4936	420379D4FF45B52472616C5A8459D276BB554D35EDE54A04C1B87AC1B570FA5D
82	3269	C75E7BFB18EC83D322CBC9C7864ACF896FC8FD54B61BEEEFF0B21041CD980B93
83	691491	122412579CB7F775A638F44BF40EACB229C173965B54C8B8FBC969D28DA6F2DC
10079	8466	B4C8FA3786E8BA119F3C5F40F1BF5868D7591D0E865FF2AF84F7235674F33C88
10080	132941	E8066B5FA877947A47862B566C3A752FD1BA514973CD2B01A7AD31803BBDD28B
10081	2752	599EFFAE0C83956910282C68EAD59D47ABB586A096E034908152F376E6743F02
10082	5282	40796305F53D20B761E1B790308606E5BEC2F127729A82ACD5A837E16CDD6894
10083	4528	02D3D5359744C7EA91F5216CAC8235D4790244E4FE3F661A3263EF96F51A0FCC
10084	7657	FCA3E49425E6C675FF950B486369D2BBDE1A7F6DBC3BC6F16767F11A64737FC2
10085	4283	30AA0D7D427FB8E224DCF9A773074D2470D39017003818FCDEC5F091FA19D2D2
10086	5099	B8EBFC56ABA6E9A0692A5CD4AF4555DB46CF3946CAD0047A836D783901F44CC3
10087	5259	FE9C20C68C077F0B399F7E9B7F43B0542E5349DE5ED6F5E7EF5A63745B46F383
10088	4423	DA4810CF8E0F830A14A23EF02E53829AF019A1E69B4F92A63C010BCA5D6900EE
10089	2303	AF5F2E51D76D33030F2AA1EC2E1C522287AE81F537F6E94BD3F8E9570B5F0312
10090	3762	DB3BB047C7320790F5C08B23F4859D92AD12DEBCF9A3A787C4610F075235AA6A
10091	2612	2A89DCF1F1BB703A46B4B937ED53BA9615D6C69C8C2EEB31978DDD84BD02AA7E
10092	2093	70E66819C0543E91E083C4DCB487D78F849D1483F8A84257FA32F9F7D957B74E
10093	4673	E9DB314F35836B2F566C91776A8F562911C5F8697FA43EBBBBFD1535E995B9BA
10094	4775	28286DC9B814A6E3D5D8F132804B907968AE7A799E1D3ADC901D31E008205EDD
10095	3584	9556F2453E94D8F52A5E2177743D9C0E0FCD309B3AA63B3522330F30E963BDB6
10096	4950	319662CDDA9FE8E9954AD84E97260C7F6F13757CEB3E82F7C0B0BCA9A55C41BD
10097	397	15ED536B42D37302D1DD306E1E2F9C46AA07C069EC3DE614660DA7B6ECE627C0
10098	4606	CEC5B8BBBF4FFB86D884C4696B07793D1C9E675131F62E47353EEA9440CA9E09
10099	3874	325DF6E286DEDE5F1D499D2F0832286B7F77E0A25FF4D4E93FA4994D710CA7DA
10100	1466	31575D5B5D47FBA2E54DE2227B09B7B9226DE933197061CB76F8C07CBBE00E1B
10101	3476	9C21903C0F6833EEF31CBE4965224A9A4F8D0CCB4B33A304B3E4F3AAE7E6B0F1
10102	3339	D572AB07FFCB8759F4D9E244DFE667323C50166055D56B550C3F516C62B4A4F9
10103	2557	B6524C56C8E4C7F199F98CE0E2EBE84BEC72DA783A9E5A1DA9FC17505080F44F
10104	2991	A58A990F6B0E717BEBD46A6492DC0839E2960BDB4F3B1DD51B20FA677F88D3DC
10105	3942	04348227D7A0AB81E9E2DA2399F43228830C4988B1C591DDC0D3E5898AE53B51
10106	2461	0FC63DD9E38B9696A0105B38959D1C7FDEBCABDF123E4EDA8CF18DA5D7382F1B
10107	3833	31685A70BD900FE7C14C588522C13B5E831C67073869DC2FABECD75854FB0511
10108	4209	87BAF3557C37A2C9F7FD5F1E12E025C2734ECB9F6C37F4660DD66FE32824D7DF
10109	4386	0EF37A45898658CCA6C6E9A3A57946875F92E0AC0AF3C602DA2E9086380F6AE4
10110	2982	4421EC8300C23CA7259E9ADE87D8209436A4BC5613446F3E2280452E741D5344
10111	3919	747CC10F011342A668D1BECB256721D643E3A34806DF251C80A582C6602A0B79
10112	352	725A2E074ACF34FDDF028A95FBD149AEEEFEBAE822559326391D391883B1BBD6
10113	3955	B0A101368C746A498BA66DDCF6FE261C026BC27F392789148BA68ECF59C8D2F4
10114	4282	05711132B126B64E7575C1C95534AE88141F335B2634ED1A5F65AF84BF37904F
10115	3409	4F5A777A7531AAE5539D73E9A05131F64F9763EEBAD7C304B991289A91D36211
10116	MISSING
10117	132941	E8066B5FA877947A47862B566C3A752FD1BA514973CD2B01A7AD31803BBDD28B
10118	8466	B4C8FA3786E8BA119F3C5F40F1BF5868D7591D0E865FF2AF84F7235674F33C88
10175	62320	3B3847197FD604370728F904D9CA3280E3C750589B441EBE020912DDCC90A64F
10176	110538	E350BA36790C1B4D6F2C08FDE21983E2760BC14824C387C0A8EEFF394555EE2A
