Sha256,Label,GroupId,Split,PhysicalFormat,MdocExecuted,MdocHasUsefulText,MdocTextLen,MdocAlphanumeric,MdocLetters,MdocUsefulWords,MdocNul,MdocControl,MdocReplacement,MdocPrintableRatio,MdocSpaceRatio,MdocTokens,MdocSingleCharTokens,MdocSingleCharTokenRatio,MdocLongTokenCount,MdocFailureReason,MdocClassification,MdocMethod,MdocConfidence,MdocReason,OcrExecuted,OcrSuccess,OcrHasUsefulText,OcrTextLen,OcrAlphanumeric,OcrLetters,OcrUsefulWords,OcrMeanConfidence,OcrImagesProcessed,RasterPageCount,RasterDurationMs,OcrDurationMs,OcrHeaderUsed,OcrHeaderDurationMs,OcrLimitExceeded,OcrStructuralFailure,OcrSystemFailure,OcrFailureReason,OcrClassification,OcrMethod,OcrConfidence,OcrReason,QrDetected,QrValid,TipoComprobanteArca,QrMdocClassification,QrMdocMethod,QrMdocConfidence,QrMdocReason,QrOcrClassification,QrOcrMethod,QrOcrConfidence,QrOcrReason,ProblemFlags
"73938D63A261576FFEB30B2C0E33DBE085B1C870F5DFA41FB6DE596F57A839D8","FACTURA","factura-avon-a-impresa","TRAIN","PDF","true","true","9631","2764","1694","294","0","0","0","1","0.544699","614","111","0.180782","12","","FACTURA","PDF_TEXTO","82","Factura explícita y 3 señales fiscales.","true","true","true","2689","2120","1672","297","0.86","2","2","974","3228","false","0","false","false","false","","FACTURA","OCR","86","Factura explícita y 4 señales fiscales.","false","false","","FACTURA","PDF_TEXTO","82","Factura explícita y 3 señales fiscales.","FACTURA","OCR","86","Factura explícita y 4 señales fiscales.","MDOC_DEGRADADO"
"94A5BB490143CEE934380D4FEB4659ABE2DD005FCE09BA87046839EC01B9A049","FACTURA","factura-avon-a-impresa","TRAIN","JPEG","false","false","0","0","0","0","0","0","0","0","0","0","0","0","0","","","","","","true","true","true","2849","1850","1427","343","0.4","2","0","0","4537","true","151","false","false","false","","REVISAR","OCR","","El texto obtenido no permite clasificar el documento con seguridad.","false","false","","","","","","","","","","OCR_MEJORA_FACTURA"
"34E7190B10DE1060A821BA5B262D16CF469116C53FAA10A487AE71EDA02DE220","FACTURA","factura-familia-aquavita","TEST","PDF","true","false","0","0","0","0","0","0","0","0","0","0","0","0","0","","REVISAR","PDF_SIN_TEXTO","","Requiere OCR futuro.","true","true","true","15269","2584","1952","340","0.93","2","2","1060","144093","false","0","false","false","false","","FACTURA","OCR","82","Factura explícita y 3 señales fiscales.","false","false","","REVISAR","PDF_SIN_TEXTO","","Requiere OCR futuro.","FACTURA","OCR","82","Factura explícita y 3 señales fiscales.","MDOC_OCR_DISCREPAN;OCR_MEJORA_FACTURA"
"83E0306FF5707DBDEBFC9AD88A3634DF1D24B33FAA5A733B74A629090F74A53D","FACTURA","factura-familia-aquavita","TEST","PDF","true","true","1871","1392","1003","176","0","0","0","1","0.160342","250","12","0.048","0","","FACTURA","PDF_TEXTO","82","Factura explícita y 3 señales fiscales.","true","true","true","1946","1438","1076","195","0.81","1","1","513","1771","false","0","false","false","false","","FACTURA","OCR","82","Factura explícita y 3 señales fiscales.","true","false","","FACTURA","PDF_TEXTO","82","Factura explícita y 3 señales fiscales.","FACTURA","OCR","82","Factura explícita y 3 señales fiscales.",""
"030126CE7D614353FF03F90C126B6D2C3746D913B36523810DF4F1B51326D882","FACTURA","factura-familia-arca-fce-standard","TRAIN","PDF","true","true","1836","1420","1173","210","0","0","0","1","0.168301","281","18","0.064057","0","","FACTURA","PDF_TEXTO","94","Factura explícita y 6 señales fiscales.","true","true","true","1959","1452","1208","215","0.92","1","1","514","1531","false","0","false","false","false","","FACTURA","OCR","94","Factura explícita y 6 señales fiscales.","true","true","201","FACTURA","QR_ARCA+PDF_TEXTO","98","QR ARCA estructuralmente válido con tipo de comprobante factura. No constituye validación online de autenticidad.","FACTURA","QR_ARCA+OCR","98","QR ARCA estructuralmente válido con tipo de comprobante factura. No constituye validación online de autenticidad.",""
"53531D26119A3A91D8160D16D8081238C94A83B00EADEEECB6BED96F35C0D21F","FACTURA","factura-familia-arca-fce-standard","TRAIN","PDF","true","true","1904","1471","1220","218","0","0","0","1","0.169118","294","20","0.068027","0","","FACTURA","PDF_TEXTO","94","Factura explícita y 6 señales fiscales.","true","true","true","2038","1503","1255","223","0.92","1","1","452","1535","false","0","false","false","false","","FACTURA","OCR","94","Factura explícita y 6 señales fiscales.","true","true","201","FACTURA","QR_ARCA+PDF_TEXTO","98","QR ARCA estructuralmente válido con tipo de comprobante factura. No constituye validación online de autenticidad.","FACTURA","QR_ARCA+OCR","98","QR ARCA estructuralmente válido con tipo de comprobante factura. No constituye validación online de autenticidad.",""
"92914214759A1969F8F6DA6FC3EAF436EEC02704E5B3141C282C9D183B15D2BC","FACTURA","factura-familia-arca-fce-standard","TRAIN","PDF","true","true","1888","1462","1204","211","0","0","0","1","0.164725","284","15","0.052817","0","","FACTURA","PDF_TEXTO","94","Factura explícita y 6 señales fiscales.","true","true","true","1995","1494","1239","216","0.92","1","1","444","1537","false","0","false","false","false","","FACTURA","OCR","94","Factura explícita y 6 señales fiscales.","true","true","201","FACTURA","QR_ARCA+PDF_TEXTO","98","QR ARCA estructuralmente válido con tipo de comprobante factura. No constituye validación online de autenticidad.","FACTURA","QR_ARCA+OCR","98","QR ARCA estructuralmente válido con tipo de comprobante factura. No constituye validación online de autenticidad.",""
"963E9941D8D3A90BDACCFDDA949B7EEDD535A2ED456FA063B67893EC4D759786","FACTURA","factura-familia-arca-fce-standard","TRAIN","PDF","true","true","2778","2191","1920","337","0","0","0","1","0.162707","423","25","0.059102","0","","FACTURA","PDF_TEXTO","94","Factura explícita y 6 señales fiscales.","true","true","true","2900","2223","1955","342","0.93","1","1","467","2022","false","0","false","false","false","","FACTURA","OCR","94","Factura explícita y 6 señales fiscales.","true","true","201","FACTURA","QR_ARCA+PDF_TEXTO","98","QR ARCA estructuralmente válido con tipo de comprobante factura. No constituye validación online de autenticidad.","FACTURA","QR_ARCA+OCR","98","QR ARCA estructuralmente válido con tipo de comprobante factura. No constituye validación online de autenticidad.",""
"C2C93818726DAC52E58536C78525B62A417DEC82F9491E4941E8AEE2CFA42B42","FACTURA","factura-familia-arca-fce-standard","TRAIN","PDF","true","true","1907","1481","1229","221","0","0","0","1","0.16623","290","13","0.044828","0","","FACTURA","PDF_TEXTO","94","Factura explícita y 6 señales fiscales.","true","true","true","2016","1513","1264","226","0.92","1","1","459","1570","false","0","false","false","false","","FACTURA","OCR","94","Factura explícita y 6 señales fiscales.","true","true","201","FACTURA","QR_ARCA+PDF_TEXTO","98","QR ARCA estructuralmente válido con tipo de comprobante factura. No constituye validación online de autenticidad.","FACTURA","QR_ARCA+OCR","98","QR ARCA estructuralmente válido con tipo de comprobante factura. No constituye validación online de autenticidad.",""
"7943C6EB1641AD882AF8038E05B5F350A7FA8FBE6C2DF3DF90E9004412040FEF","FACTURA","factura-familia-arillo","TEST","PDF","true","false","0","0","0","0","0","0","0","0","0","0","0","0","0","","REVISAR","PDF_SIN_TEXTO","","Requiere OCR futuro.","true","true","true","1337","959","742","140","0.88","2","1","515","1412","true","121","false","false","false","","REVISAR","OCR","45","Se detectaron 5 señales fiscales sin tipo de factura explícito.","false","false","","REVISAR","PDF_SIN_TEXTO","","Requiere OCR futuro.","REVISAR","OCR","45","Se detectaron 5 señales fiscales sin tipo de factura explícito.",""
"E8066B5FA877947A47862B566C3A752FD1BA514973CD2B01A7AD31803BBDD28B","FACTURA","factura-familia-ascensores-orem","TRAIN","PDF","true","false","1613","0","0","0","0","1113","0","0.309981","0.250465","310","0","0","0","","REVISAR","PDF_SIN_TEXTO","","Requiere OCR futuro.","true","true","true","1457","1140","718","118","0.88","1","1","551","1523","false","0","false","false","false","","FACTURA","OCR","82","Factura explícita y 3 señales fiscales.","false","false","","REVISAR","PDF_SIN_TEXTO","","Requiere OCR futuro.","FACTURA","OCR","82","Factura explícita y 3 señales fiscales.","MDOC_OCR_DISCREPAN;OCR_MEJORA_FACTURA"
"2D43B3648B73EFBB36772933B8ED7CE0CD779C0945E776A136EC6123FA5D5551","FACTURA","factura-familia-branding-merchandising","TRAIN","PDF","true","true","3279","266","82","0","1093","1691","0","0.484294","0.333333","1093","266","0.243367","0","","REVISAR","PDF_TEXTO_NO_CONCLUYENTE","","El texto obtenido no permite clasificar el documento con seguridad.","true","true","true","2625","1861","1281","222","0.81","2","2","1432","3016","false","0","false","false","false","","FACTURA","OCR","82","Factura explícita y 3 señales fiscales.","false","false","","REVISAR","PDF_TEXTO_NO_CONCLUYENTE","","El texto obtenido no permite clasificar el documento con seguridad.","FACTURA","OCR","82","Factura explícita y 3 señales fiscales.","MDOC_DEGRADADO;MDOC_OCR_DISCREPAN;OCR_MEJORA_FACTURA"
"B4C8FA3786E8BA119F3C5F40F1BF5868D7591D0E865FF2AF84F7235674F33C88","FACTURA","factura-familia-condominio-pdi","TRAIN","PDF","true","true","2754","2160","1668","288","0","0","0","1","0.142702","381","21","0.055118","0","","REVISAR","PDF_TEXTO","55","Factura explícita con señales fiscales insuficientes.","true","true","true","2976","2172","1680","288","0.92","3","3","1244","3087","false","0","false","false","false","","DESCARTAR","OCR","","Documento identificado como REMITO.","false","false","","REVISAR","PDF_TEXTO","55","Factura explícita con señales fiscales insuficientes.","DESCARTAR","OCR","","Documento identificado como REMITO.","MDOC_OCR_DISCREPAN;OCR_EMPEORA_FACTURA"
"D0998159322E7036852951E3B6BB4631E0A5EF21ADFC0DFC39679D4F410C959F","FACTURA","factura-familia-condominio-pdi","TRAIN","PDF","true","true","3120","2448","1815","306","0","0","0","1","0.135577","411","15","0.036496","0","","REVISAR","PDF_TEXTO","55","Factura explícita con señales fiscales insuficientes.","true","true","true","3762","2766","1959","327","0.9","6","3","1281","3503","true","351","false","false","false","","REVISAR","OCR","55","Factura explícita con señales fiscales insuficientes.","false","false","","REVISAR","PDF_TEXTO","55","Factura explícita con señales fiscales insuficientes.","REVISAR","OCR","55","Factura explícita con señales fiscales insuficientes.",""
"B7004863AED55E481D4397435BD5B06CEA6180397E1059883D51F5D066F1147F","FACTURA","factura-familia-excell","VALIDATION","PDF","true","true","2236","1038","870","0","0","0","0","1","0.5","1118","1038","0.928444","0","","REVISAR","PDF_TEXTO","55","Factura explícita con señales fiscales insuficientes.","true","true","true","1380","1061","893","160","0.9","1","1","437","1430","false","0","false","false","false","","DESCARTAR","OCR","","Documento identificado como RECIBO.","false","false","","REVISAR","PDF_TEXTO","55","Factura explícita con señales fiscales insuficientes.","DESCARTAR","OCR","","Documento identificado como RECIBO.","MDOC_DEGRADADO;MDOC_OCR_DISCREPAN;OCR_EMPEORA_FACTURA"
"C177CD77BAA5F5587D302FDCC9F5615424F6BCED6057AA300113D6E3A600DC02","FACTURA","factura-familia-inmuebles-fce","TRAIN","PDF","true","true","3596","945","829","0","1638","2131","0","0.407397","0.090656","324","10","0.030864","1","","REVISAR","PDF_TEXTO_NO_CONCLUYENTE","","El texto obtenido no permite clasificar el documento con seguridad.","true","true","true","1737","1377","1149","194","0.91","1","1","420","1404","false","0","false","false","false","","FACTURA","OCR","86","Factura explícita y 4 señales fiscales.","false","false","","REVISAR","PDF_TEXTO_NO_CONCLUYENTE","","El texto obtenido no permite clasificar el documento con seguridad.","FACTURA","OCR","86","Factura explícita y 4 señales fiscales.","MDOC_DEGRADADO;MDOC_OCR_DISCREPAN;OCR_MEJORA_FACTURA"
"D165FB62E80F26847F1F00B1DBD7E949928E56EC5C2A0EDD2FE929E4ABD85CB0","FACTURA","factura-familia-manantial","TRAIN","PDF","true","true","1197","35","0","0","0","678","0","0.433584","0.269841","254","11","0.043307","0","","REVISAR","PDF_TEXTO_NO_CONCLUYENTE","","El texto obtenido no permite clasificar el documento con seguridad.","true","true","true","1185","858","631","105","0.9","1","1","412","1179","false","0","false","false","false","","DESCARTAR","OCR","","Documento identificado como ORDEN DE COMPRA.","false","false","","REVISAR","PDF_TEXTO_NO_CONCLUYENTE","","El texto obtenido no permite clasificar el documento con seguridad.","DESCARTAR","OCR","","Documento identificado como ORDEN DE COMPRA.","MDOC_DEGRADADO;MDOC_OCR_DISCREPAN;OCR_EMPEORA_FACTURA"
"A75839AE32A6A29EBB6CF64EBE45427C346DFFE51E758D5F04D903FC28147D87","FACTURA","factura-familia-pediatrics","TRAIN","PDF","true","true","971","743","461","88","0","0","0","1","0.146241","142","12","0.084507","0","","REVISAR","PDF_TEXTO_NO_CONCLUYENTE","","El texto obtenido no permite clasificar el documento con seguridad.","true","true","true","2106","1586","1144","197","0.86","4","2","1281","2848","true","342","false","false","false","","REVISAR","OCR","55","Factura explícita con señales fiscales insuficientes.","false","false","","REVISAR","PDF_TEXTO_NO_CONCLUYENTE","","El texto obtenido no permite clasificar el documento con seguridad.","REVISAR","OCR","55","Factura explícita con señales fiscales insuficientes.",""
"681D494D1EABD2B24BA13F9F99B3AC5F6D565688BB7368714C430C5395C5A868","FACTURA","factura-familia-servicios-inmobiliarios","VALIDATION","PDF","true","true","1849","1446","1248","216","23","24","0","0.98702","0.161168","264","13","0.049242","0","","FACTURA","PDF_TEXTO","94","Factura explícita y 6 señales fiscales.","true","true","true","1971","1501","1304","227","0.93","1","1","451","1519","false","0","false","false","false","","FACTURA","OCR","94","Factura explícita y 6 señales fiscales.","true","true","211","FACTURA","QR_ARCA+PDF_TEXTO","98","QR ARCA estructuralmente válido con tipo de comprobante factura. No constituye validación online de autenticidad.","FACTURA","QR_ARCA+OCR","98","QR ARCA estructuralmente válido con tipo de comprobante factura. No constituye validación online de autenticidad.","MDOC_DEGRADADO"
"B68674F3B9393FDE895EBE47421061B41DCE664D2174AFA8C7904CD4324C5124","FACTURA","factura-familia-vitalis","TRAIN","PDF","true","true","2007","223","27","0","669","903","0","0.550075","0.333333","669","223","0.333333","0","","REVISAR","PDF_TEXTO_NO_CONCLUYENTE","","El texto obtenido no permite clasificar el documento con seguridad.","true","true","true","1469","1098","804","155","0.84","2","1","627","1730","true","197","false","false","false","","REVISAR","OCR","55","Factura explícita con señales fiscales insuficientes.","false","false","","REVISAR","PDF_TEXTO_NO_CONCLUYENTE","","El texto obtenido no permite clasificar el documento con seguridad.","REVISAR","OCR","55","Factura explícita con señales fiscales insuficientes.","MDOC_DEGRADADO"
"122412579CB7F775A638F44BF40EACB229C173965B54C8B8FBC969D28DA6F2DC","FACTURA","factura-homologacion-c-00004-00000002","TEST","JPEG","false","false","0","0","0","0","0","0","0","0","0","0","0","0","0","","","","","","true","true","true","1214","865","669","114","0.91","2","0","0","1167","true","183","false","false","false","","FACTURA","OCR","90","Factura explícita y 5 señales fiscales.","false","false","","","","","","","","","","OCR_MEJORA_FACTURA"
"8AE4509AEFA61A7ABB180BC7A0514AD169E1E8047C07D7544D3D0CB800B4E3FC","FACTURA","factura-homologacion-c-00004-00000002","TEST","PDF","true","false","0","0","0","0","0","0","0","0","0","0","0","0","0","","REVISAR","PDF_SIN_TEXTO","","Requiere OCR futuro.","true","true","true","1019","763","592","104","0.88","2","1","587","1240","true","179","false","false","false","","FACTURA","OCR","86","Factura explícita y 4 señales fiscales.","false","false","","REVISAR","PDF_SIN_TEXTO","","Requiere OCR futuro.","FACTURA","OCR","86","Factura explícita y 4 señales fiscales.","MDOC_OCR_DISCREPAN;OCR_MEJORA_FACTURA"
"FA8700C24DBDFE130D17A72C536CC9DCF1639DD4A8C5E313DB18605F70DAEED5","FACTURA","factura-homologacion-c-00004-00000002","TEST","PDF","true","false","0","0","0","0","0","0","0","0","0","0","0","0","0","","REVISAR","PDF_SIN_TEXTO","","Requiere OCR futuro.","true","true","true","957","680","525","87","0.94","1","1","484","953","false","0","false","false","false","","FACTURA","OCR","90","Factura explícita y 5 señales fiscales.","false","false","","REVISAR","PDF_SIN_TEXTO","","Requiere OCR futuro.","FACTURA","OCR","90","Factura explícita y 5 señales fiscales.","MDOC_OCR_DISCREPAN;OCR_MEJORA_FACTURA"
"5E8DD1B162CD0DD53E297362595BB3BE6CF0D4A3AA3803D214C679FD4CBD69F1","FACTURA","factura-logistica-la-serenisima-zb2b","TRAIN","PDF","true","true","3474","2742","2016","290","0","0","0","1","0.133564","415","23","0.055422","0","","FACTURA","PDF_TEXTO","82","Factura explícita y 3 señales fiscales.","true","true","true","2799","2097","1455","256","0.9","1","1","455","2090","false","0","false","false","false","","FACTURA","OCR","82","Factura explícita y 3 señales fiscales.","false","false","","FACTURA","PDF_TEXTO","82","Factura explícita y 3 señales fiscales.","FACTURA","OCR","82","Factura explícita y 3 señales fiscales.",""
"8F6CD87791DE515777752DAA95C010EB45B43DFD9348A6AD6110D4325615EA00","NO_DOCUMENTO","alertas-infraestructura-srvedms","TRAIN","PNG","false","false","0","0","0","0","0","0","0","0","0","0","0","0","0","","","","","","true","true","true","82","54","48","11","0.83","2","0","0","109","true","48","false","false","false","","REVISAR","OCR","","El texto obtenido no permite clasificar el documento con seguridad.","false","false","","","","","","","","","",""
"0A580FEA09DEB190DE1B8FCECAECE18D82D97ED106F75509B1CAFE5475D16253","NO_DOCUMENTO","branding-avon-natura","VALIDATION","JPEG","false","false","0","0","0","0","0","0","0","0","0","0","0","0","0","","","","","","true","true","false","24","15","15","4","0.7","2","0","0","70","true","27","false","false","false","","REVISAR","OCR_NO_CONCLUYENTE","","El OCR no produjo texto utilizable para clasificar el documento.","false","false","","","","","","","","","",""
"4AA692A94759E1F431C7F170D7194BD10D99DC221BB5B63BD9A9654AA70A7515","NO_DOCUMENTO","branding-bunge","TRAIN","PNG","false","false","0","0","0","0","0","0","0","0","0","0","0","0","0","","","","","","true","true","false","8","3","3","1","0.89","2","0","0","54","true","25","false","false","false","","REVISAR","OCR_NO_CONCLUYENTE","","El OCR no produjo texto utilizable para clasificar el documento.","false","false","","","","","","","","","",""
"CEBD403817596F810B3BB9DCECB123713E7BC8788B8B6DDD32DF87CEED97D03A","NO_DOCUMENTO","branding-correo-argentino","TRAIN","PNG","false","false","0","0","0","0","0","0","0","0","0","0","0","0","0","","","","","","true","true","false","17","11","11","2","0.36","2","0","0","65","true","27","false","false","false","","REVISAR","OCR_NO_CONCLUYENTE","","El OCR no produjo texto utilizable para clasificar el documento.","false","false","","","","","","","","","",""
"2AF9DE4CAF9BB15F857FAE3B9E6DFEEDD831219A156B978E43FF62BC315266C6","NO_DOCUMENTO","branding-meteomatics","TEST","PNG","false","false","0","0","0","0","0","0","0","0","0","0","0","0","0","","","","","","true","true","false","27","14","14","2","0.74","2","0","0","72","true","35","false","false","false","","REVISAR","OCR_NO_CONCLUYENTE","","El OCR no produjo texto utilizable para clasificar el documento.","false","false","","","","","","","","","",""
"72047867C7642F6358837C0F9867C83F915A29366A6B64C6508DCE8FEB356E85","NO_DOCUMENTO","branding-personal","TRAIN","PNG","false","false","0","0","0","0","0","0","0","0","0","0","0","0","0","","","","","","true","true","false","13","8","8","1","0.96","2","0","0","64","true","26","false","false","false","","REVISAR","OCR_NO_CONCLUYENTE","","El OCR no produjo texto utilizable para clasificar el documento.","false","false","","","","","","","","","",""
"A881A4460A42E2C5B06E833B3B6B6A7EE43EC358EDBDB48C3B3BD7B7F6643710","NO_DOCUMENTO","branding-renaper","TRAIN","PNG","false","false","0","0","0","0","0","0","0","0","0","0","0","0","0","","","","","","true","true","false","4","0","0","0","0","2","0","0","58","true","27","false","false","false","","REVISAR","OCR_NO_CONCLUYENTE","","El OCR no produjo texto utilizable para clasificar el documento.","false","false","","","","","","","","","",""
"09FA512D0268E721B912C8D816EB01D29B16E440ADDC96B967A462DAAAF784DA","NO_DOCUMENTO","capturas-error-edms","TEST","PNG","false","false","0","0","0","0","0","0","0","0","0","0","0","0","0","","","","","","true","true","true","293","211","209","45","0.94","2","0","0","235","true","60","false","false","false","","REVISAR","OCR","","El texto obtenido no permite clasificar el documento con seguridad.","false","false","","","","","","","","","",""
"31089A698A1E82394B3667FE64BAF03D2A775892EF73B04FB9C439A916E5CC2A","NO_DOCUMENTO","capturas-sistema-posicion-consolidada","TRAIN","PNG","false","false","0","0","0","0","0","0","0","0","0","0","0","0","0","","","","","","true","true","true","1027","765","743","113","0.81","1","0","0","572","false","0","false","false","false","","DESCARTAR","OCR","","Documento identificado como RECIBO.","false","false","","","","","","","","","",""
"3542D120B3139DB932D4DFB7A8D23F072F1FFBEBD924C55AB6494B68851BD418","NO_DOCUMENTO","capturas-sistema-posicion-consolidada","TRAIN","PNG","false","false","0","0","0","0","0","0","0","0","0","0","0","0","0","","","","","","true","true","true","632","511","505","74","0.62","1","0","0","327","false","0","false","false","false","","DESCARTAR","OCR","","Documento identificado como RECIBO.","false","false","","","","","","","","","",""
"C5DAB04B2642976192FF1B496476C165AAEC82A85C775945E07D2580E0C99279","NO_DOCUMENTO","capturas-sistema-posicion-consolidada","TRAIN","PNG","false","false","0","0","0","0","0","0","0","0","0","0","0","0","0","","","","","","true","true","true","821","650","644","104","0.62","1","0","0","421","false","0","false","false","false","","DESCARTAR","OCR","","Documento identificado como RECIBO.","false","false","","","","","","","","","",""
"645D7CE914A8E04CD643296A64581A6DE08FB07730F4CC96646A93AFE83EE991","NO_DOCUMENTO","correo-boleta-lanus","TRAIN","JPEG","false","false","0","0","0","0","0","0","0","0","0","0","0","0","0","","","","","","true","true","true","56","37","37","7","0.75","2","0","0","113","true","29","false","false","false","","REVISAR","OCR","","El texto obtenido no permite clasificar el documento con seguridad.","false","false","","","","","","","","","",""
"9A641C4729F3EF559F7A6D5A621453270D66916A84727E1556C4FB7525EFABC7","NO_DOCUMENTO","correo-boleta-lanus","TRAIN","JPEG","false","false","0","0","0","0","0","0","0","0","0","0","0","0","0","","","","","","true","true","true","902","662","614","125","0.86","2","0","0","604","true","51","false","false","false","","REVISAR","OCR","","El texto obtenido no permite clasificar el documento con seguridad.","false","false","","","","","","","","","",""
"BE8E9456C6B3CD399C535A48BB397D4BF7C91D9CBDC212D5438373DDEFD4B5B5","NO_DOCUMENTO","error-impresion-xerox","VALIDATION","JPEG","false","false","0","0","0","0","0","0","0","0","0","0","0","0","0","","","","","","true","true","true","1814","1287","997","232","0.36","2","0","0","2845","true","143","false","false","false","","REVISAR","OCR","","El texto obtenido no permite clasificar el documento con seguridad.","false","false","","","","","","","","","",""
"94F6E14058C816126DE54ADD5ABC33BE7B27923DDB132FBC9590101D1E82C8D7","NO_DOCUMENTO","firma-banco","TRAIN","PNG","false","false","0","0","0","0","0","0","0","0","0","0","0","0","0","","","","","","true","true","true","176","131","114","22","0.67","2","0","0","132","true","26","false","false","false","","REVISAR","OCR","","El texto obtenido no permite clasificar el documento con seguridad.","false","false","","","","","","","","","",""
"0814C60BD510A3E30D86D313B0DDDB0CB088B987E781388B1C942943A13D554E","NO_DOCUMENTO","firma-deloitte","TRAIN","PNG","false","false","0","0","0","0","0","0","0","0","0","0","0","0","0","","","","","","true","true","false","14","8","8","1","0.87","2","0","0","60","true","27","false","false","false","","REVISAR","OCR_NO_CONCLUYENTE","","El OCR no produjo texto utilizable para clasificar el documento.","false","false","","","","","","","","","",""
"4076445FF73213039D7402664EB4FC48546391227FAB11DAA3224DA874701C8C","NO_DOCUMENTO","firma-deloitte","TRAIN","JPEG","false","false","0","0","0","0","0","0","0","0","0","0","0","0","0","","","","","","true","true","true","62","45","41","7","0.93","2","0","0","98","true","30","false","false","false","","REVISAR","OCR","","El texto obtenido no permite clasificar el documento con seguridad.","false","false","","","","","","","","","",""
"0EF37A45898658CCA6C6E9A3A57946875F92E0AC0AF3C602DA2E9086380F6AE4","NO_DOCUMENTO","flightaware-newsletter","TEST","PNG","false","false","0","0","0","0","0","0","0","0","0","0","0","0","0","","","","","","true","true","true","68","55","55","8","0.94","2","0","0","99","true","26","false","false","false","","REVISAR","OCR","","El texto obtenido no permite clasificar el documento con seguridad.","false","false","","","","","","","","","",""
"15ED536B42D37302D1DD306E1E2F9C46AA07C069EC3DE614660DA7B6ECE627C0","NO_DOCUMENTO","flightaware-newsletter","TEST","PNG","false","false","0","0","0","0","0","0","0","0","0","0","0","0","0","","","","","","true","true","false","4","0","0","0","0","2","0","0","51","true","25","false","false","false","","REVISAR","OCR_NO_CONCLUYENTE","","El OCR no produjo texto utilizable para clasificar el documento.","false","false","","","","","","","","","",""
"B6524C56C8E4C7F199F98CE0E2EBE84BEC72DA783A9E5A1DA9FC17505080F44F","NO_DOCUMENTO","flightaware-newsletter","TEST","PNG","false","false","0","0","0","0","0","0","0","0","0","0","0","0","0","","","","","","true","true","false","4","0","0","0","0","2","0","0","55","true","26","false","false","false","","REVISAR","OCR_NO_CONCLUYENTE","","El OCR no produjo texto utilizable para clasificar el documento.","false","false","","","","","","","","","",""
"D9AFAF729E3D7965CE69B7DA7477640EFE7CB3725C7753E3C22305D06BF77C6B","NO_DOCUMENTO","flightaware-newsletter","TEST","JPEG","false","false","0","0","0","0","0","0","0","0","0","0","0","0","0","","","","","","true","true","false","6","0","0","0","0","2","0","0","56","true","27","false","false","false","","REVISAR","OCR_NO_CONCLUYENTE","","El OCR no produjo texto utilizable para clasificar el documento.","false","false","","","","","","","","","",""
"74DA980974A41F7B871D2C47FD7A44101AB5661F1393C6FEFD5399CAA02A68DD","NO_DOCUMENTO","fotos-familiares","TRAIN","JPEG","false","false","0","0","0","0","0","0","0","0","0","0","0","0","0","","","","","","true","true","false","6","0","0","0","0.95","2","0","0","691","true","59","false","false","false","","REVISAR","OCR_NO_CONCLUYENTE","","El OCR no produjo texto utilizable para clasificar el documento.","false","false","","","","","","","","","",""
"EC91DE96F8A25E7EE60D3F37BF910A33AE2F346FEE43CEEEF8DFD14BB3F53973","NO_DOCUMENTO","fotos-familiares","TRAIN","JPEG","false","false","0","0","0","0","0","0","0","0","0","0","0","0","0","","","","","","true","true","false","8","0","0","0","0","2","0","0","1836","true","82","false","false","false","","REVISAR","OCR_NO_CONCLUYENTE","","El OCR no produjo texto utilizable para clasificar el documento.","false","false","","","","","","","","","",""
"966FCC7F039D31C33FC27230D26B6EC27356D2033146FA8A4EE21461EAB0945D","NO_DOCUMENTO","mapas-viajes","TRAIN","PNG","false","false","0","0","0","0","0","0","0","0","0","0","0","0","0","","","","","","true","true","false","4","0","0","0","0","2","0","0","101","true","27","false","false","false","","REVISAR","OCR_NO_CONCLUYENTE","","El OCR no produjo texto utilizable para clasificar el documento.","false","false","","","","","","","","","",""
"D2B2FACB91DDE28A9AED66FDEA2BDBD8E2FD91B94161D10F361C4040553FF392","NO_DOCUMENTO","mapas-viajes","TRAIN","PNG","false","false","0","0","0","0","0","0","0","0","0","0","0","0","0","","","","","","true","true","false","6","0","0","0","0.95","2","0","0","84","true","28","false","false","false","","REVISAR","OCR_NO_CONCLUYENTE","","El OCR no produjo texto utilizable para clasificar el documento.","false","false","","","","","","","","","",""
"F6112D3A8671D063327C69FBA50410F72448E6DA21C4C8A6AFCFC3F883CE84A4","NO_DOCUMENTO","mapas-viajes","TRAIN","PNG","false","false","0","0","0","0","0","0","0","0","0","0","0","0","0","","","","","","true","true","false","6","0","0","0","0.95","2","0","0","82","true","27","false","false","false","","REVISAR","OCR_NO_CONCLUYENTE","","El OCR no produjo texto utilizable para clasificar el documento.","false","false","","","","","","","","","",""
"131E45D3DC803E82CB78E212E95C4E289E840BF38F309CC9E631F8D3F0668D7B","NO_DOCUMENTO","publicidad-ezdrummer","TRAIN","PNG","false","false","0","0","0","0","0","0","0","0","0","0","0","0","0","","","","","","true","true","false","17","6","6","1","0.64","2","0","0","81","true","27","false","false","false","","REVISAR","OCR_NO_CONCLUYENTE","","El OCR no produjo texto utilizable para clasificar el documento.","false","false","","","","","","","","","",""
"398257AA42671A521BDE2ED73A1695CCE3819975D25652CA5F06383773E842EE","NO_DOCUMENTO","publicidad-guia","VALIDATION","JPEG","false","false","0","0","0","0","0","0","0","0","0","0","0","0","0","","","","","","true","true","false","6","0","0","0","0.95","2","0","0","239","true","39","false","false","false","","REVISAR","OCR_NO_CONCLUYENTE","","El OCR no produjo texto utilizable para clasificar el documento.","false","false","","","","","","","","","",""
"5EAC3DD7134262EC7667AFFD27336A78CCB94C616157B186FF964556F9635BB7","NO_DOCUMENTO","publicidad-samsung-galaxy","TRAIN","PNG","false","false","0","0","0","0","0","0","0","0","0","0","0","0","0","","","","","","true","true","true","2871","2216","2175","407","0.87","2","0","0","1645","true","108","false","false","false","","REVISAR","OCR","","El texto obtenido no permite clasificar el documento con seguridad.","false","false","","","","","","","","","",""
"DFB5D9B1FC4775F72C0526C008E7C7438380A66D13114E8C65F3FAC5F942FFA3","NO_DOCUMENTO","publicidad-websupergoo","TRAIN","JPEG","false","false","0","0","0","0","0","0","0","0","0","0","0","0","0","","","","","","true","true","false","20","11","11","1","0.88","2","0","0","70","true","27","false","false","false","","REVISAR","OCR_NO_CONCLUYENTE","","El OCR no produjo texto utilizable para clasificar el documento.","false","false","","","","","","","","","",""
"2D246A2651752808442383D814C806437999B4C22FD2E77D18BEDAF2AC6786AB","OTRO_DOCUMENTO","comprobante-pago-bancario","TEST","PNG","false","false","0","0","0","0","0","0","0","0","0","0","0","0","0","","","","","","true","true","true","121","81","81","14","0.82","1","0","0","99","false","0","false","false","false","","DESCARTAR","OCR","","Documento identificado como COMPROBANTE DE PAGO.","false","false","","","","","","","","","",""
"2CDC2802080A93C44CC6959AF2AC254546F4652B24A22C9B75546BEDFDB0A3EA","OTRO_DOCUMENTO","credencial","TRAIN","PDF","true","true","754","603","549","85","0","0","0","1","0.151194","105","7","0.066667","0","","DESCARTAR","PDF_TEXTO","","Documento identificado como CREDENCIAL DE PAGO.","true","true","true","721","578","539","83","0.91","1","1","410","870","false","0","false","false","false","","DESCARTAR","OCR","","Documento identificado como CREDENCIAL DE PAGO.","false","false","","DESCARTAR","PDF_TEXTO","","Documento identificado como CREDENCIAL DE PAGO.","DESCARTAR","OCR","","Documento identificado como CREDENCIAL DE PAGO.",""
"999FBF2C511BEF61577E45BE48F034B1AABDC5692AEB747159BD61CF408F6BB4","OTRO_DOCUMENTO","orden-compra","VALIDATION","PDF","true","true","580","282","226","65","0","0","0","1","0.467241","194","110","0.56701","0","","DESCARTAR","PDF_TEXTO","","Documento identificado como ORDEN DE COMPRA.","true","true","true","373","282","225","42","0.93","1","1","396","639","false","0","false","false","false","","DESCARTAR","OCR","","Documento identificado como ORDEN DE COMPRA.","false","false","","DESCARTAR","PDF_TEXTO","","Documento identificado como ORDEN DE COMPRA.","DESCARTAR","OCR","","Documento identificado como ORDEN DE COMPRA.","MDOC_DEGRADADO"
"7D6906456FD818CCF677B46E7E09A4F9EE6932CEE5AF8FED0DC9CD4D2D7EEE75","OTRO_DOCUMENTO","otro-aviso-cheque-rechazado-banco-patagonia","TRAIN","JPEG","false","false","0","0","0","0","0","0","0","0","0","0","0","0","0","","","","","","true","true","true","322","202","183","36","0.58","2","0","0","452","true","72","false","false","false","","REVISAR","OCR","","El texto obtenido no permite clasificar el documento con seguridad.","false","false","","","","","","","","","",""
"AD4F901A339BA7D979DDC8D72FDF48CF5AEA068CE8B78E0A68DB02659CBB784D","OTRO_DOCUMENTO","otro-aviso-cheque-rechazado-banco-patagonia","TRAIN","PNG","false","false","0","0","0","0","0","0","0","0","0","0","0","0","0","","","","","","true","true","true","197","91","87","23","0.53","2","0","0","221","true","34","false","false","false","","REVISAR","OCR","","El texto obtenido no permite clasificar el documento con seguridad.","false","false","","","","","","","","","",""
"DA7DB06022306B8142F9D0179BDE36BFE71E64CEC4A2D7E10FCCE5D2FDBC7C97","OTRO_DOCUMENTO","otro-aviso-cheque-rechazado-banco-patagonia","TRAIN","JPEG","false","false","0","0","0","0","0","0","0","0","0","0","0","0","0","","","","","","true","false","false","0","0","0","0","0","0","0","0","0","false","0","false","false","false","La imagen supera el límite de píxeles para OCR.","REVISAR","OCR_NO_CONCLUYENTE","","El OCR no produjo texto utilizable para clasificar el documento.","false","false","","","","","","","","","","OCR_NO_DISPONIBLE"
"3E354C1E6A7CB85C4D523AC1B7741EC6E1D498440C0B1FFF531DD3B50320AB78","OTRO_DOCUMENTO","otro-captura-monotributo-pago","TRAIN","PNG","false","false","0","0","0","0","0","0","0","0","0","0","0","0","0","","","","","","true","true","true","200","154","112","20","0.95","2","0","0","207","true","31","false","false","false","","REVISAR","OCR","55","Factura explícita con señales fiscales insuficientes.","false","false","","","","","","","","","",""
"50D0A84325CDCF665E473A3E3D0F62F86079E2DCFEF4AE4E4BE0D2A776C0AF97","OTRO_DOCUMENTO","otro-captura-ticket-acceso","TRAIN","PNG","false","false","0","0","0","0","0","0","0","0","0","0","0","0","0","","","","","","true","true","true","740","607","597","102","0.92","2","0","0","394","true","57","false","false","false","","REVISAR","OCR","","El texto obtenido no permite clasificar el documento con seguridad.","false","false","","","","","","","","","",""
"02523B356AEC13D925C44F336DDAABE81215EE01EE8BCBDEBFC6714A37D55A28","OTRO_DOCUMENTO","otro-confirmacion-compra-web","TRAIN","PNG","false","false","0","0","0","0","0","0","0","0","0","0","0","0","0","","","","","","true","true","true","337","211","185","33","0.62","2","0","0","269","true","43","false","false","false","","REVISAR","OCR","","El texto obtenido no permite clasificar el documento con seguridad.","false","false","","","","","","","","","",""
"AF9E13927BD6123DA16DE0369AA7435A2892D4D71E8A0B3863F85C6A5E30455A","OTRO_DOCUMENTO","otro-correo-reenvio-factura","TRAIN","PDF","true","true","3969","618","580","0","782","1863","0","0.530612","0.333333","1323","618","0.46712","0","","REVISAR","PDF_TEXTO_NO_CONCLUYENTE","","El texto obtenido no permite clasificar el documento con seguridad.","true","true","true","1142","889","805","148","0.89","2","1","428","1169","true","91","false","false","false","","REVISAR","OCR","55","Factura explícita con señales fiscales insuficientes.","false","false","","REVISAR","PDF_TEXTO_NO_CONCLUYENTE","","El texto obtenido no permite clasificar el documento con seguridad.","REVISAR","OCR","55","Factura explícita con señales fiscales insuficientes.","MDOC_DEGRADADO"
"70943A213A862A315DB451BAFBADDBFE5C0E45D694BF40FD8E5430FF47A032BA","OTRO_DOCUMENTO","otro-impuesto-inmobiliario-rawson","TEST","PDF","true","false","0","0","0","0","0","0","0","0","0","0","0","0","0","","REVISAR","PDF_SIN_TEXTO","","Requiere OCR futuro.","false","false","false","0","0","0","0","0","0","1","1064","0","false","0","true","false","false","Una página rasterizada supera el límite de píxeles OCR.","REVISAR","OCR_NO_CONCLUYENTE","","El OCR no produjo texto utilizable para clasificar el documento.","false","false","","REVISAR","PDF_SIN_TEXTO","","Requiere OCR futuro.","REVISAR","OCR_NO_CONCLUYENTE","","El OCR no produjo texto utilizable para clasificar el documento.","OCR_LIMITE"
"28FCC8808B0DEE25A850B6F4C5063E17FB94B3CB194917E84422E9F2A8C111A5","OTRO_DOCUMENTO","otro-instruccion-transferencia-banco-patagonia","TRAIN","PDF","true","true","10417","5515","4075","999","59","915","0","0.912163","0.222521","2031","698","0.343673","7","","REVISAR","PDF_TEXTO_NO_CONCLUYENTE","","El texto obtenido no permite clasificar el documento con seguridad.","true","true","true","961","753","664","113","0.92","2","1","408","1113","true","147","false","false","false","","REVISAR","OCR","","El texto obtenido no permite clasificar el documento con seguridad.","false","false","","REVISAR","PDF_TEXTO_NO_CONCLUYENTE","","El texto obtenido no permite clasificar el documento con seguridad.","REVISAR","OCR","","El texto obtenido no permite clasificar el documento con seguridad.","MDOC_DEGRADADO"
"CA4B144974CDD331E904D3646E7F74FDAE6502B6CCDA4A0B4845C2FA9E2F6DB8","OTRO_DOCUMENTO","otro-instruccion-transferencia-banco-patagonia","TRAIN","PDF","true","true","9920","5239","3850","952","54","927","0","0.906552","0.221472","1943","621","0.319609","6","","REVISAR","PDF_TEXTO_NO_CONCLUYENTE","","El texto obtenido no permite clasificar el documento con seguridad.","true","true","true","929","727","636","107","0.91","2","1","410","1065","true","142","false","false","false","","REVISAR","OCR","","El texto obtenido no permite clasificar el documento con seguridad.","false","false","","REVISAR","PDF_TEXTO_NO_CONCLUYENTE","","El texto obtenido no permite clasificar el documento con seguridad.","REVISAR","OCR","","El texto obtenido no permite clasificar el documento con seguridad.","MDOC_DEGRADADO"
"40D282AFE8457677E743468F7D7EDAAA8FEEDB38D7458D01304953DA8E2E5BE4","OTRO_DOCUMENTO","otro-liquidaciones-comercios-banco-patagonia","TRAIN","PNG","false","false","0","0","0","0","0","0","0","0","0","0","0","0","0","","","","","","true","true","true","208","148","128","19","0.57","2","0","0","172","true","35","false","false","false","","REVISAR","OCR","","El texto obtenido no permite clasificar el documento con seguridad.","false","false","","","","","","","","","",""
"675F30D09450E3C2A33AD99C4DC69C108D812EF861FD47858519F8A9913464E3","OTRO_DOCUMENTO","otro-liquidaciones-comercios-banco-patagonia","TRAIN","PNG","false","false","0","0","0","0","0","0","0","0","0","0","0","0","0","","","","","","true","true","true","488","351","334","62","0.54","2","0","0","323","true","51","false","false","false","","REVISAR","OCR","","El texto obtenido no permite clasificar el documento con seguridad.","false","false","","","","","","","","","",""
"9B103DB594C0BEE038C97560216C9623601B0050584D5946910513AC662DCE6F","OTRO_DOCUMENTO","otro-liquidaciones-comercios-banco-patagonia","TRAIN","PNG","false","false","0","0","0","0","0","0","0","0","0","0","0","0","0","","","","","","true","true","true","654","507","456","84","0.46","2","0","0","311","true","35","false","false","false","","REVISAR","OCR","45","Se detectaron 3 señales fiscales sin tipo de factura explícito.","false","false","","","","","","","","","",""
"6DB7AD704B49BFC71197B65C40C94E926183B498F4CFEB7553FAE26B2BC534A3","OTRO_DOCUMENTO","otro-nota-credito-electronica-edi-00002-00000001","TRAIN","PDF","true","true","1730","1336","1055","183","0","0","0","1","0.16185","254","14","0.055118","0","","DESCARTAR","PDF_TEXTO","","Documento identificado como NOTA DE CREDITO.","true","true","true","2073","1312","1050","184","0.91","1","1","457","1507","false","0","false","false","false","","DESCARTAR","OCR","","Documento identificado como NOTA DE CREDITO.","false","false","","DESCARTAR","PDF_TEXTO","","Documento identificado como NOTA DE CREDITO.","DESCARTAR","OCR","","Documento identificado como NOTA DE CREDITO.",""
"1C4DB25AAC0A169B26D121DF0992AB546E8D487A74FD1E45FDEF3490F3708601","OTRO_DOCUMENTO","otro-nota-credito-fiel","TRAIN","PDF","true","true","864","74","22","0","288","430","0","0.502315","0.333333","288","74","0.256944","0","","REVISAR","PDF_TEXTO_NO_CONCLUYENTE","","El texto obtenido no permite clasificar el documento con seguridad.","true","true","true","1128","826","589","99","0.85","2","1","758","1489","true","194","false","false","false","","REVISAR","OCR","55","Factura explícita con señales fiscales insuficientes.","false","false","","REVISAR","PDF_TEXTO_NO_CONCLUYENTE","","El texto obtenido no permite clasificar el documento con seguridad.","REVISAR","OCR","55","Factura explícita con señales fiscales insuficientes.","MDOC_DEGRADADO"
"382662294B57C459DB9F1231FE0503A77176D130F8EA1BFB709132C3115F1A49","OTRO_DOCUMENTO","otro-recibo-c","VALIDATION","PDF","true","true","3825","3027","2562","468","0","0","0","1","0.152941","573","15","0.026178","0","","DESCARTAR","PDF_TEXTO","","Documento identificado como RECIBO.","true","true","true","4188","3147","2682","486","0.91","3","3","1308","3717","false","0","false","false","false","","DESCARTAR","OCR","","Documento identificado como RECIBO.","true","true","15","DESCARTAR","QR_ARCA","98","El tipo de comprobante informado por el QR ARCA no corresponde a una factura.","DESCARTAR","QR_ARCA","98","El tipo de comprobante informado por el QR ARCA no corresponde a una factura.",""
"4C4A524F6C4F42DB654184D20C435FAAFCACA3F08AE9CF313F55ED571DDEAFE3","OTRO_DOCUMENTO","otro-resumen-costo-trayecto-cabify","TRAIN","PDF","true","true","473","360","298","55","0","0","0","1","0.169133","80","9","0.1125","0","","REVISAR","PDF_TEXTO_NO_CONCLUYENTE","","El texto obtenido no permite clasificar el documento con seguridad.","true","true","true","506","390","316","50","0.93","2","1","112","430","true","49","false","false","false","","REVISAR","OCR","","El texto obtenido no permite clasificar el documento con seguridad.","false","false","","REVISAR","PDF_TEXTO_NO_CONCLUYENTE","","El texto obtenido no permite clasificar el documento con seguridad.","REVISAR","OCR","","El texto obtenido no permite clasificar el documento con seguridad.",""
"D86F134415A04E0606A287E30878EC7914E9DF74B3B4C92B1EF28FD94B366E94","OTRO_DOCUMENTO","otro-resumen-costo-trayecto-cabify","TRAIN","PDF","true","true","503","378","315","61","0","0","0","1","0.176938","89","10","0.11236","0","","REVISAR","PDF_TEXTO_NO_CONCLUYENTE","","El texto obtenido no permite clasificar el documento con seguridad.","true","true","true","534","408","333","53","0.92","2","1","113","445","true","50","false","false","false","","REVISAR","OCR","","El texto obtenido no permite clasificar el documento con seguridad.","false","false","","REVISAR","PDF_TEXTO_NO_CONCLUYENTE","","El texto obtenido no permite clasificar el documento con seguridad.","REVISAR","OCR","","El texto obtenido no permite clasificar el documento con seguridad.",""
"4CB36B9488EDCAA6B27FEF1B0A3524525E14E115CF2045F118B032995E653587","OTRO_DOCUMENTO","otro-resumen-operaciones-banco-comafi","TRAIN","PDF","true","true","17689","7087","6134","1080","0","0","0","1","0.49511","1340","62","0.046269","10","","DESCARTAR","PDF_TEXTO","","Documento identificado como RESUMEN DE OPERACIONES.","true","true","true","13683","10824","9683","1729","0.925","4","4","1665","9123","false","0","false","false","false","","DESCARTAR","OCR","","Documento identificado como RESUMEN DE OPERACIONES.","false","false","","DESCARTAR","PDF_TEXTO","","Documento identificado como RESUMEN DE OPERACIONES.","DESCARTAR","OCR","","Documento identificado como RESUMEN DE OPERACIONES.","MDOC_DEGRADADO"
"720D554E1CE7B5F36A27E8EB9E0C446EDD580DD15E0AAB7C46E8EB12BE170C51","OTRO_DOCUMENTO","otro-resumen-operaciones-banco-comafi","TRAIN","PDF","true","true","13433","4416","3769","660","0","0","0","1","0.557433","798","44","0.055138","10","","DESCARTAR","PDF_TEXTO","","Documento identificado como NOTA DE CREDITO.","true","true","true","9065","7283","6482","1152","0.923333","3","3","1202","6133","false","0","false","false","false","","DESCARTAR","OCR","","Documento identificado como NOTA DE CREDITO.","false","false","","DESCARTAR","PDF_TEXTO","","Documento identificado como NOTA DE CREDITO.","DESCARTAR","OCR","","Documento identificado como NOTA DE CREDITO.","MDOC_DEGRADADO"
"83C37B5C6E92C9515F9456960E62208CEF94E5985871436E4E5464233C0EA6A0","OTRO_DOCUMENTO","otro-resumen-tarjeta-visa","VALIDATION","PNG","false","false","0","0","0","0","0","0","0","0","0","0","0","0","0","","","","","","true","true","true","466","339","244","45","0.75","2","0","0","246","true","32","false","false","false","","REVISAR","OCR","","El texto obtenido no permite clasificar el documento con seguridad.","false","false","","","","","","","","","",""
"31371F0EA09BFB13ECAECD39B9C36CF70E4662CB0E31F2ABE26B8E74402003F5","OTRO_DOCUMENTO","otro-solicitud-nota-credito-banco-patagonia","TEST","PDF","true","true","25827","5277","4888","0","7758","11076","0","0.571146","0.334843","8609","5277","0.612963","0","","REVISAR","PDF_TEXTO_NO_CONCLUYENTE","","El texto obtenido no permite clasificar el documento con seguridad.","false","false","false","0","0","0","0","0","0","8","0","0","false","0","true","false","false","El PDF supera el límite de páginas OCR.","REVISAR","OCR_NO_CONCLUYENTE","","El OCR no produjo texto utilizable para clasificar el documento.","false","false","","REVISAR","PDF_TEXTO_NO_CONCLUYENTE","","El texto obtenido no permite clasificar el documento con seguridad.","REVISAR","OCR_NO_CONCLUYENTE","","El OCR no produjo texto utilizable para clasificar el documento.","MDOC_DEGRADADO;OCR_LIMITE"
"35784F288939B0D8F196CB8646314FE710549A870D08E33C8E974D21EABBA0D1","OTRO_DOCUMENTO","otro-ticket-servicio-cold","TRAIN","PNG","false","false","0","0","0","0","0","0","0","0","0","0","0","0","0","","","","","","true","true","true","526","419","378","62","0.88","2","0","0","276","true","28","false","false","false","","REVISAR","OCR","","El texto obtenido no permite clasificar el documento con seguridad.","false","false","","","","","","","","","",""
