Sha256,Cohort,PythonHash,CSharpHash,Equal,DifferentBytes,MaeRgb,MaxDelta,FirstByte,Pixel,Channel,PythonValue,CSharpValue
73938D63A261576FFEB30B2C0E33DBE085B1C870F5DFA41FB6DE596F57A839D8,DEVELOPMENT,34C9BEC34452E4F627365B0C45AF4152B53E56711442E169988CAE9C8A52C0E1,34C9BEC34452E4F627365B0C45AF4152B53E56711442E169988CAE9C8A52C0E1,true,0,0,0,-1,-1,,0,0
94A5BB490143CEE934380D4FEB4659ABE2DD005FCE09BA87046839EC01B9A049,DEVELOPMENT,BACF67B0C61B89E225AC144363D8492335E455C53355F469B88EDC8360B8AA00,BACF67B0C61B89E225AC144363D8492335E455C53355F469B88EDC8360B8AA00,true,0,0,0,-1,-1,,0,0
34E7190B10DE1060A821BA5B262D16CF469116C53FAA10A487AE71EDA02DE220,DEVELOPMENT,C5B69A6C7F447B230AA7FE8F1E9F05150466F8A7BE2AF9006577DB98B3905A4B,C5B69A6C7F447B230AA7FE8F1E9F05150466F8A7BE2AF9006577DB98B3905A4B,true,0,0,0,-1,-1,,0,0
83E0306FF5707DBDEBFC9AD88A3634DF1D24B33FAA5A733B74A629090F74A53D,DEVELOPMENT,023D2184DE2B4624C6E4A555AFA3074712040C87550E3F265698656E4DCE0634,023D2184DE2B4624C6E4A555AFA3074712040C87550E3F265698656E4DCE0634,true,0,0,0,-1,-1,,0,0
030126CE7D614353FF03F90C126B6D2C3746D913B36523810DF4F1B51326D882,DEVELOPMENT,221C19EB1E767A2B392C422DA29FA94DBCB8410C65F37B6BE4FDF998D0C5C56A,221C19EB1E767A2B392C422DA29FA94DBCB8410C65F37B6BE4FDF998D0C5C56A,true,0,0,0,-1,-1,,0,0
53531D26119A3A91D8160D16D8081238C94A83B00EADEEECB6BED96F35C0D21F,DEVELOPMENT,658F5871941E34C9DF6022257433800F5CE36D545ADD9F1E011BFFE3B798277D,658F5871941E34C9DF6022257433800F5CE36D545ADD9F1E011BFFE3B798277D,true,0,0,0,-1,-1,,0,0
92914214759A1969F8F6DA6FC3EAF436EEC02704E5B3141C282C9D183B15D2BC,DEVELOPMENT,8F164CAAF8B8FF82F3070DE92AE02923ACE16338577A62EB23F1EB4C3C44AE72,8F164CAAF8B8FF82F3070DE92AE02923ACE16338577A62EB23F1EB4C3C44AE72,true,0,0,0,-1,-1,,0,0
963E9941D8D3A90BDACCFDDA949B7EEDD535A2ED456FA063B67893EC4D759786,DEVELOPMENT,C1339DE9278641EBC6B0F43AA5FD78FBA55390CDDCAE0BD270766598B65ED56A,C1339DE9278641EBC6B0F43AA5FD78FBA55390CDDCAE0BD270766598B65ED56A,true,0,0,0,-1,-1,,0,0
C2C93818726DAC52E58536C78525B62A417DEC82F9491E4941E8AEE2CFA42B42,DEVELOPMENT,BFFD9C26A6183DEF620ACE1BB85EB8A341E466B7F33119DCC66A919F5A22FED5,BFFD9C26A6183DEF620ACE1BB85EB8A341E466B7F33119DCC66A919F5A22FED5,true,0,0,0,-1,-1,,0,0
E8066B5FA877947A47862B566C3A752FD1BA514973CD2B01A7AD31803BBDD28B,DEVELOPMENT,A490BC96756C5A1233074B52F668CEA8417603144C5E9ACE0C7F60BB786A7CD5,A490BC96756C5A1233074B52F668CEA8417603144C5E9ACE0C7F60BB786A7CD5,true,0,0,0,-1,-1,,0,0
2D43B3648B73EFBB36772933B8ED7CE0CD779C0945E776A136EC6123FA5D5551,DEVELOPMENT,4320CF927865E0AF253B4515822918B938ABF886C7D59601659D5EC9A07BAC26,4320CF927865E0AF253B4515822918B938ABF886C7D59601659D5EC9A07BAC26,true,0,0,0,-1,-1,,0,0
B4C8FA3786E8BA119F3C5F40F1BF5868D7591D0E865FF2AF84F7235674F33C88,DEVELOPMENT,C1F6B60BA7A900854A1FFCFEAF00DEAB7284B6F36F52CED87519BD13897C6A41,C1F6B60BA7A900854A1FFCFEAF00DEAB7284B6F36F52CED87519BD13897C6A41,true,0,0,0,-1,-1,,0,0
D0998159322E7036852951E3B6BB4631E0A5EF21ADFC0DFC39679D4F410C959F,DEVELOPMENT,0E8C364E4018045EFCB7ACD5974EC2F5F75088E90793E625DF2FE048CD9C9843,0E8C364E4018045EFCB7ACD5974EC2F5F75088E90793E625DF2FE048CD9C9843,true,0,0,0,-1,-1,,0,0
B7004863AED55E481D4397435BD5B06CEA6180397E1059883D51F5D066F1147F,DEVELOPMENT,A882642502456367B3F6A6ECE5579E1D540F583F9814C3F09F7D8E5577D09E04,A882642502456367B3F6A6ECE5579E1D540F583F9814C3F09F7D8E5577D09E04,true,0,0,0,-1,-1,,0,0
C177CD77BAA5F5587D302FDCC9F5615424F6BCED6057AA300113D6E3A600DC02,DEVELOPMENT,4D55FECA92569286AB028C3BB50F1F13556758FD2E7CA1938E76D8AA4EC00965,4D55FECA92569286AB028C3BB50F1F13556758FD2E7CA1938E76D8AA4EC00965,true,0,0,0,-1,-1,,0,0
D165FB62E80F26847F1F00B1DBD7E949928E56EC5C2A0EDD2FE929E4ABD85CB0,DEVELOPMENT,6A14BF96A74C1512F20AB59AB7556F91916E1471AE6B8836C3E2C52BC86BDDB9,6A14BF96A74C1512F20AB59AB7556F91916E1471AE6B8836C3E2C52BC86BDDB9,true,0,0,0,-1,-1,,0,0
A75839AE32A6A29EBB6CF64EBE45427C346DFFE51E758D5F04D903FC28147D87,DEVELOPMENT,01FF9B87456CB2F94C6F045403BA25A024A1A327902A28B5F6BB2B7F83909FCC,01FF9B87456CB2F94C6F045403BA25A024A1A327902A28B5F6BB2B7F83909FCC,true,0,0,0,-1,-1,,0,0
681D494D1EABD2B24BA13F9F99B3AC5F6D565688BB7368714C430C5395C5A868,DEVELOPMENT,608AED0BA13CBEBD43A76D638405012C15CC5D1E38F60D5B086BABDD9B62E772,608AED0BA13CBEBD43A76D638405012C15CC5D1E38F60D5B086BABDD9B62E772,true,0,0,0,-1,-1,,0,0
B68674F3B9393FDE895EBE47421061B41DCE664D2174AFA8C7904CD4324C5124,DEVELOPMENT,8BB68FBB17D1CBA18767FB25E1CC7EF994646FA7C02649A06AC99D33B061C7A3,8BB68FBB17D1CBA18767FB25E1CC7EF994646FA7C02649A06AC99D33B061C7A3,true,0,0,0,-1,-1,,0,0
5E8DD1B162CD0DD53E297362595BB3BE6CF0D4A3AA3803D214C679FD4CBD69F1,DEVELOPMENT,E0F71765CA5475F64A4E47FB8627C0F8F274DBC4F05F5BC17C9D9B8C9945864A,E0F71765CA5475F64A4E47FB8627C0F8F274DBC4F05F5BC17C9D9B8C9945864A,true,0,0,0,-1,-1,,0,0
8F6CD87791DE515777752DAA95C010EB45B43DFD9348A6AD6110D4325615EA00,DEVELOPMENT,3C438EA395A38B3EC777B6C67A80E1520EA97895F0F0224D0307138EBD8DAAB9,3C438EA395A38B3EC777B6C67A80E1520EA97895F0F0224D0307138EBD8DAAB9,true,0,0,0,-1,-1,,0,0
0A580FEA09DEB190DE1B8FCECAECE18D82D97ED106F75509B1CAFE5475D16253,DEVELOPMENT,EBFCE136CF74415EF30322E20DC1B031359C27A350DAF16A698B0C94EFF69A8C,EBFCE136CF74415EF30322E20DC1B031359C27A350DAF16A698B0C94EFF69A8C,true,0,0,0,-1,-1,,0,0
4AA692A94759E1F431C7F170D7194BD10D99DC221BB5B63BD9A9654AA70A7515,DEVELOPMENT,FDBB5094E677EEDD0C3DA08A5165FF5C2DD199C28E296361173493FA1AC130FB,FDBB5094E677EEDD0C3DA08A5165FF5C2DD199C28E296361173493FA1AC130FB,true,0,0,0,-1,-1,,0,0
CEBD403817596F810B3BB9DCECB123713E7BC8788B8B6DDD32DF87CEED97D03A,DEVELOPMENT,0088078E2A302B90A2DDAEDFC54FF9900EF96E3508DBAF687CD141CEB59C5D6A,0088078E2A302B90A2DDAEDFC54FF9900EF96E3508DBAF687CD141CEB59C5D6A,true,0,0,0,-1,-1,,0,0
2AF9DE4CAF9BB15F857FAE3B9E6DFEEDD831219A156B978E43FF62BC315266C6,DEVELOPMENT,F80CF0142378B890A2EFA8578C89654105677545EC79FF6C430DEC0BCB96D136,F80CF0142378B890A2EFA8578C89654105677545EC79FF6C430DEC0BCB96D136,true,0,0,0,-1,-1,,0,0
72047867C7642F6358837C0F9867C83F915A29366A6B64C6508DCE8FEB356E85,DEVELOPMENT,C1640C0A5B2EDFF84B3B249DDC4C8EB6E94EAF7A65B0AF3DAD26DDFB6003D5CE,C1640C0A5B2EDFF84B3B249DDC4C8EB6E94EAF7A65B0AF3DAD26DDFB6003D5CE,true,0,0,0,-1,-1,,0,0
A881A4460A42E2C5B06E833B3B6B6A7EE43EC358EDBDB48C3B3BD7B7F6643710,DEVELOPMENT,003B5274FD1A80815E7222F1CD2DC5BD2EB8ACF24C16908A803FE67A5095401E,003B5274FD1A80815E7222F1CD2DC5BD2EB8ACF24C16908A803FE67A5095401E,true,0,0,0,-1,-1,,0,0
09FA512D0268E721B912C8D816EB01D29B16E440ADDC96B967A462DAAAF784DA,DEVELOPMENT,8744722A949FBC787CE42AD55A24FA68E23941A78677D425182467AD3EDC690A,8744722A949FBC787CE42AD55A24FA68E23941A78677D425182467AD3EDC690A,true,0,0,0,-1,-1,,0,0
31089A698A1E82394B3667FE64BAF03D2A775892EF73B04FB9C439A916E5CC2A,DEVELOPMENT,BA56442CD4044E0EB76C747094798D9D6A7171E516DE5ABD1EF4F3C08947DB84,BA56442CD4044E0EB76C747094798D9D6A7171E516DE5ABD1EF4F3C08947DB84,true,0,0,0,-1,-1,,0,0
3542D120B3139DB932D4DFB7A8D23F072F1FFBEBD924C55AB6494B68851BD418,DEVELOPMENT,3E1832EFE587AC24A2A496E9014505111FA1A981E093213589F3C42222631D3B,3E1832EFE587AC24A2A496E9014505111FA1A981E093213589F3C42222631D3B,true,0,0,0,-1,-1,,0,0
C5DAB04B2642976192FF1B496476C165AAEC82A85C775945E07D2580E0C99279,DEVELOPMENT,407E88B84581AABCEEEE92A9E3F98B65EACEC713F36588A538FF7C5B75F42C6B,407E88B84581AABCEEEE92A9E3F98B65EACEC713F36588A538FF7C5B75F42C6B,true,0,0,0,-1,-1,,0,0
645D7CE914A8E04CD643296A64581A6DE08FB07730F4CC96646A93AFE83EE991,DEVELOPMENT,CA0EFB6373630035D7686B3EB3945EFC047AABC7BC94D2E7330C841F23D1E9E3,CA0EFB6373630035D7686B3EB3945EFC047AABC7BC94D2E7330C841F23D1E9E3,true,0,0,0,-1,-1,,0,0
9A641C4729F3EF559F7A6D5A621453270D66916A84727E1556C4FB7525EFABC7,DEVELOPMENT,6BC963D44DBD8AD36C84879BC8B8E6408161134A2817EC60BA883FFC4EB7FBF1,6BC963D44DBD8AD36C84879BC8B8E6408161134A2817EC60BA883FFC4EB7FBF1,true,0,0,0,-1,-1,,0,0
BE8E9456C6B3CD399C535A48BB397D4BF7C91D9CBDC212D5438373DDEFD4B5B5,DEVELOPMENT,832BF2A2C06FA7948549A908AFEDE75BBC24726B8C7F68B19065372F7A92DB25,832BF2A2C06FA7948549A908AFEDE75BBC24726B8C7F68B19065372F7A92DB25,true,0,0,0,-1,-1,,0,0
94F6E14058C816126DE54ADD5ABC33BE7B27923DDB132FBC9590101D1E82C8D7,DEVELOPMENT,469246281AF3911099C61053CF6FA979BE033EE41768BC776BFA6CF45B500A52,469246281AF3911099C61053CF6FA979BE033EE41768BC776BFA6CF45B500A52,true,0,0,0,-1,-1,,0,0
0814C60BD510A3E30D86D313B0DDDB0CB088B987E781388B1C942943A13D554E,DEVELOPMENT,CB43F3B76EE3A3A950CCE106230D6EE718C06155BE87BADFD1A090677AD36469,CB43F3B76EE3A3A950CCE106230D6EE718C06155BE87BADFD1A090677AD36469,true,0,0,0,-1,-1,,0,0
4076445FF73213039D7402664EB4FC48546391227FAB11DAA3224DA874701C8C,DEVELOPMENT,BBA9E4F8A5E35929A42828CA7E4D310F5B29F96B4E029374A2213CF2668876D1,BBA9E4F8A5E35929A42828CA7E4D310F5B29F96B4E029374A2213CF2668876D1,true,0,0,0,-1,-1,,0,0
74DA980974A41F7B871D2C47FD7A44101AB5661F1393C6FEFD5399CAA02A68DD,DEVELOPMENT,8118A019E0263D08414BD3A1A0EE990CB9C9A6827BE4DA2DB58D4F93DC337B49,8118A019E0263D08414BD3A1A0EE990CB9C9A6827BE4DA2DB58D4F93DC337B49,true,0,0,0,-1,-1,,0,0
EC91DE96F8A25E7EE60D3F37BF910A33AE2F346FEE43CEEEF8DFD14BB3F53973,DEVELOPMENT,2052A76BFC3D9FCCE101F067EDCD4F08036669BF697D409135451D4B0BFCA863,2052A76BFC3D9FCCE101F067EDCD4F08036669BF697D409135451D4B0BFCA863,true,0,0,0,-1,-1,,0,0
966FCC7F039D31C33FC27230D26B6EC27356D2033146FA8A4EE21461EAB0945D,DEVELOPMENT,7BBFCEF14704F6ED10DABA3AB9F4A133BC34DD95E92016FDB7FEC9493B667C26,7BBFCEF14704F6ED10DABA3AB9F4A133BC34DD95E92016FDB7FEC9493B667C26,true,0,0,0,-1,-1,,0,0
D2B2FACB91DDE28A9AED66FDEA2BDBD8E2FD91B94161D10F361C4040553FF392,DEVELOPMENT,94710E620AACF2BEE6CF7CCD663BDD3074686E2ABC6EDAC81E5C59C0813D6664,94710E620AACF2BEE6CF7CCD663BDD3074686E2ABC6EDAC81E5C59C0813D6664,true,0,0,0,-1,-1,,0,0
F6112D3A8671D063327C69FBA50410F72448E6DA21C4C8A6AFCFC3F883CE84A4,DEVELOPMENT,FC468D0B2EA4B4C3DED0649B9B8A1C6ABACD5FD14B977DE0A8B44F87329627B3,FC468D0B2EA4B4C3DED0649B9B8A1C6ABACD5FD14B977DE0A8B44F87329627B3,true,0,0,0,-1,-1,,0,0
131E45D3DC803E82CB78E212E95C4E289E840BF38F309CC9E631F8D3F0668D7B,DEVELOPMENT,D1D837E7EF5AA615B7DB2AD3818E6062B7BF948CD31FEEC88DC40C5EA92E3E58,D1D837E7EF5AA615B7DB2AD3818E6062B7BF948CD31FEEC88DC40C5EA92E3E58,true,0,0,0,-1,-1,,0,0
398257AA42671A521BDE2ED73A1695CCE3819975D25652CA5F06383773E842EE,DEVELOPMENT,3E0F92CA10B643559C4009B8540B487644234A2DAC531560E8FC54FDABACFCB4,3E0F92CA10B643559C4009B8540B487644234A2DAC531560E8FC54FDABACFCB4,true,0,0,0,-1,-1,,0,0
5EAC3DD7134262EC7667AFFD27336A78CCB94C616157B186FF964556F9635BB7,DEVELOPMENT,117226219F3F1C32A68D178ADE4B17649957DF079D1A071BE40A886B35181817,117226219F3F1C32A68D178ADE4B17649957DF079D1A071BE40A886B35181817,true,0,0,0,-1,-1,,0,0
DFB5D9B1FC4775F72C0526C008E7C7438380A66D13114E8C65F3FAC5F942FFA3,DEVELOPMENT,1E537DC4284AFB526BD2D83D1EE5EB171A62B67EF7A61D3467374ABC60D3EE6B,1E537DC4284AFB526BD2D83D1EE5EB171A62B67EF7A61D3467374ABC60D3EE6B,true,0,0,0,-1,-1,,0,0
2CDC2802080A93C44CC6959AF2AC254546F4652B24A22C9B75546BEDFDB0A3EA,DEVELOPMENT,3EBAF6EEDE815C17CC84991E92C5DA14C1168AA6559E20EE1E721F96B15B679C,3EBAF6EEDE815C17CC84991E92C5DA14C1168AA6559E20EE1E721F96B15B679C,true,0,0,0,-1,-1,,0,0
999FBF2C511BEF61577E45BE48F034B1AABDC5692AEB747159BD61CF408F6BB4,DEVELOPMENT,D23D523DB686E4F75117FEE9F1ECBAD085210CCFB25DBE7FD729926A6D660BAD,D23D523DB686E4F75117FEE9F1ECBAD085210CCFB25DBE7FD729926A6D660BAD,true,0,0,0,-1,-1,,0,0
7D6906456FD818CCF677B46E7E09A4F9EE6932CEE5AF8FED0DC9CD4D2D7EEE75,DEVELOPMENT,70125A9269CE49916C264C393742FD8CC2E4826CAF3B0EB08D3E7B3115B76604,70125A9269CE49916C264C393742FD8CC2E4826CAF3B0EB08D3E7B3115B76604,true,0,0,0,-1,-1,,0,0
AD4F901A339BA7D979DDC8D72FDF48CF5AEA068CE8B78E0A68DB02659CBB784D,DEVELOPMENT,244F34E9BA319C085B2FE2294FFAE102432F5144B7AF8002870FD5883E2E221C,244F34E9BA319C085B2FE2294FFAE102432F5144B7AF8002870FD5883E2E221C,true,0,0,0,-1,-1,,0,0
DA7DB06022306B8142F9D0179BDE36BFE71E64CEC4A2D7E10FCCE5D2FDBC7C97,DEVELOPMENT,607A8F77F2AA14D0E80C4523D2BC39883C352A40DD74A156E5D95DD8178E45BB,607A8F77F2AA14D0E80C4523D2BC39883C352A40DD74A156E5D95DD8178E45BB,true,0,0,0,-1,-1,,0,0
3E354C1E6A7CB85C4D523AC1B7741EC6E1D498440C0B1FFF531DD3B50320AB78,DEVELOPMENT,5A57BFE302F970E1AE8E7906711AE3516DDD15B964E6D14BBF90FD60F56211C5,5A57BFE302F970E1AE8E7906711AE3516DDD15B964E6D14BBF90FD60F56211C5,true,0,0,0,-1,-1,,0,0
50D0A84325CDCF665E473A3E3D0F62F86079E2DCFEF4AE4E4BE0D2A776C0AF97,DEVELOPMENT,25F8759BC7E2CEC8A2FA79192C59FA9E922D29ADC8A96C6B3390DFFB19519720,25F8759BC7E2CEC8A2FA79192C59FA9E922D29ADC8A96C6B3390DFFB19519720,true,0,0,0,-1,-1,,0,0
02523B356AEC13D925C44F336DDAABE81215EE01EE8BCBDEBFC6714A37D55A28,DEVELOPMENT,043A254C4E9E84CA223C4D46FD10B420FA5B7B070D917F244C2F95B9E71C8809,043A254C4E9E84CA223C4D46FD10B420FA5B7B070D917F244C2F95B9E71C8809,true,0,0,0,-1,-1,,0,0
AF9E13927BD6123DA16DE0369AA7435A2892D4D71E8A0B3863F85C6A5E30455A,DEVELOPMENT,E8F69BE2061A87CF8D29CB7B6247C3B7AF0546789D75ACE48CCD565C1E4BCFF4,E8F69BE2061A87CF8D29CB7B6247C3B7AF0546789D75ACE48CCD565C1E4BCFF4,true,0,0,0,-1,-1,,0,0
70943A213A862A315DB451BAFBADDBFE5C0E45D694BF40FD8E5430FF47A032BA,DEVELOPMENT,EB2E2AF5503DB882E3ED972DB95D3B826EFF87FF7C77D829290D99A8735F9A57,EB2E2AF5503DB882E3ED972DB95D3B826EFF87FF7C77D829290D99A8735F9A57,true,0,0,0,-1,-1,,0,0
28FCC8808B0DEE25A850B6F4C5063E17FB94B3CB194917E84422E9F2A8C111A5,DEVELOPMENT,C8B88E3019B52F69304C9333A3B6CCBF4C7CB5E81D62859AE00D702080465AFC,C8B88E3019B52F69304C9333A3B6CCBF4C7CB5E81D62859AE00D702080465AFC,true,0,0,0,-1,-1,,0,0
CA4B144974CDD331E904D3646E7F74FDAE6502B6CCDA4A0B4845C2FA9E2F6DB8,DEVELOPMENT,94535AA0940C9F35A770C1652A33F9D46E46F58F4CF3C3E4E097EB7D583AE50C,94535AA0940C9F35A770C1652A33F9D46E46F58F4CF3C3E4E097EB7D583AE50C,true,0,0,0,-1,-1,,0,0
40D282AFE8457677E743468F7D7EDAAA8FEEDB38D7458D01304953DA8E2E5BE4,DEVELOPMENT,7042A0DBB5109E962222BA8D009CC2917B286F2AE7D80D590947ADB84E300C5A,7042A0DBB5109E962222BA8D009CC2917B286F2AE7D80D590947ADB84E300C5A,true,0,0,0,-1,-1,,0,0
675F30D09450E3C2A33AD99C4DC69C108D812EF861FD47858519F8A9913464E3,DEVELOPMENT,B51B01C9B23FB605FFE7E099D1C946F0C61863CB871A6588B7EF75F32F657E2D,B51B01C9B23FB605FFE7E099D1C946F0C61863CB871A6588B7EF75F32F657E2D,true,0,0,0,-1,-1,,0,0
9B103DB594C0BEE038C97560216C9623601B0050584D5946910513AC662DCE6F,DEVELOPMENT,AE4D1DED83D2318E206CF406E7A95231F130C699EFB5C15B66EC057DECA32D03,AE4D1DED83D2318E206CF406E7A95231F130C699EFB5C15B66EC057DECA32D03,true,0,0,0,-1,-1,,0,0
6DB7AD704B49BFC71197B65C40C94E926183B498F4CFEB7553FAE26B2BC534A3,DEVELOPMENT,58DB0135A16AE87C59B82809B5B2B45611FDEB674AA6EE89DFE677E1F1882BD3,58DB0135A16AE87C59B82809B5B2B45611FDEB674AA6EE89DFE677E1F1882BD3,true,0,0,0,-1,-1,,0,0
1C4DB25AAC0A169B26D121DF0992AB546E8D487A74FD1E45FDEF3490F3708601,DEVELOPMENT,9F58954806CD9F7211F10EF2CB236F01C8FA33AD7FCC25254468E358FD1625B3,9F58954806CD9F7211F10EF2CB236F01C8FA33AD7FCC25254468E358FD1625B3,true,0,0,0,-1,-1,,0,0
382662294B57C459DB9F1231FE0503A77176D130F8EA1BFB709132C3115F1A49,DEVELOPMENT,5A959295603F25A87C0EE12ACD863F62C812543F4521F12E0CB241340F6038F3,5A959295603F25A87C0EE12ACD863F62C812543F4521F12E0CB241340F6038F3,true,0,0,0,-1,-1,,0,0
4C4A524F6C4F42DB654184D20C435FAAFCACA3F08AE9CF313F55ED571DDEAFE3,DEVELOPMENT,90C3E1F05EAF12F6D43CD69EE3BD89C93EE9F0335BACF633044ECE4DA932944B,90C3E1F05EAF12F6D43CD69EE3BD89C93EE9F0335BACF633044ECE4DA932944B,true,0,0,0,-1,-1,,0,0
D86F134415A04E0606A287E30878EC7914E9DF74B3B4C92B1EF28FD94B366E94,DEVELOPMENT,D89D3C234A05F94C2C22FD7D26C98E41A2EF41554E88D45EAC7A627EDF5AEFDC,D89D3C234A05F94C2C22FD7D26C98E41A2EF41554E88D45EAC7A627EDF5AEFDC,true,0,0,0,-1,-1,,0,0
4CB36B9488EDCAA6B27FEF1B0A3524525E14E115CF2045F118B032995E653587,DEVELOPMENT,342AF7B41EA2E4829FF4B27261E832CA1030378DEFE4E2DAEEAE10289575C7ED,342AF7B41EA2E4829FF4B27261E832CA1030378DEFE4E2DAEEAE10289575C7ED,true,0,0,0,-1,-1,,0,0
720D554E1CE7B5F36A27E8EB9E0C446EDD580DD15E0AAB7C46E8EB12BE170C51,DEVELOPMENT,F875827148260CA49F1836DA80C88D9A66ADF72EEF11AF4E45FEB7FA556651E3,F875827148260CA49F1836DA80C88D9A66ADF72EEF11AF4E45FEB7FA556651E3,true,0,0,0,-1,-1,,0,0
83C37B5C6E92C9515F9456960E62208CEF94E5985871436E4E5464233C0EA6A0,DEVELOPMENT,CB7C85DBDE7F28C82D7222A7AC00A61160EC1527DAC94DE500EBA328CDD79783,CB7C85DBDE7F28C82D7222A7AC00A61160EC1527DAC94DE500EBA328CDD79783,true,0,0,0,-1,-1,,0,0
35784F288939B0D8F196CB8646314FE710549A870D08E33C8E974D21EABBA0D1,DEVELOPMENT,CB2864B39D4BA85F473E6A35E62640089D84B7FFFE4F064D891C4852AFB8D44E,CB2864B39D4BA85F473E6A35E62640089D84B7FFFE4F064D891C4852AFB8D44E,true,0,0,0,-1,-1,,0,0
7943C6EB1641AD882AF8038E05B5F350A7FA8FBE6C2DF3DF90E9004412040FEF,HOLDOUT,D7F6E6B2C0846C0FA326ECF728A993AD43D7443FDFED8CC969F05699A3375CE7,D7F6E6B2C0846C0FA326ECF728A993AD43D7443FDFED8CC969F05699A3375CE7,true,0,0,0,-1,-1,,0,0
122412579CB7F775A638F44BF40EACB229C173965B54C8B8FBC969D28DA6F2DC,HOLDOUT,7B89EC3F52A9281D32B130438A96F1AF5688546AC8325DFC51722A7ADADC53B7,7B89EC3F52A9281D32B130438A96F1AF5688546AC8325DFC51722A7ADADC53B7,true,0,0,0,-1,-1,,0,0
8AE4509AEFA61A7ABB180BC7A0514AD169E1E8047C07D7544D3D0CB800B4E3FC,HOLDOUT,C5AC12DFDB0DFEA28235386BC2E4D991CE4A8FE333339E7EE73FC5ACF34EA722,C5AC12DFDB0DFEA28235386BC2E4D991CE4A8FE333339E7EE73FC5ACF34EA722,true,0,0,0,-1,-1,,0,0
FA8700C24DBDFE130D17A72C536CC9DCF1639DD4A8C5E313DB18605F70DAEED5,HOLDOUT,9FBF7E2F2841EB9435203732F3BD13FD7F50FC737D4F5E02004756A5167E9C1B,9FBF7E2F2841EB9435203732F3BD13FD7F50FC737D4F5E02004756A5167E9C1B,true,0,0,0,-1,-1,,0,0
0EF37A45898658CCA6C6E9A3A57946875F92E0AC0AF3C602DA2E9086380F6AE4,HOLDOUT,44C30A229A0F9A2FF03C28E1FFA2A16191D3BBC3BE8DEF6182A20DC8FCCA5268,44C30A229A0F9A2FF03C28E1FFA2A16191D3BBC3BE8DEF6182A20DC8FCCA5268,true,0,0,0,-1,-1,,0,0
15ED536B42D37302D1DD306E1E2F9C46AA07C069EC3DE614660DA7B6ECE627C0,HOLDOUT,582613BE0947A849C3F4A183747003832556FEB7A7A2D78726ACFD8A00DCCD24,582613BE0947A849C3F4A183747003832556FEB7A7A2D78726ACFD8A00DCCD24,true,0,0,0,-1,-1,,0,0
B6524C56C8E4C7F199F98CE0E2EBE84BEC72DA783A9E5A1DA9FC17505080F44F,HOLDOUT,5EA2113227A1B89506CB645BA88BA306729A804D3ACB991D07732E2B30A5E10C,5EA2113227A1B89506CB645BA88BA306729A804D3ACB991D07732E2B30A5E10C,true,0,0,0,-1,-1,,0,0
D9AFAF729E3D7965CE69B7DA7477640EFE7CB3725C7753E3C22305D06BF77C6B,HOLDOUT,5B0487E4435FE8119BC72EE031D7860B0071D7B5E7C78491AFB7C18064788CA5,5B0487E4435FE8119BC72EE031D7860B0071D7B5E7C78491AFB7C18064788CA5,true,0,0,0,-1,-1,,0,0
2D246A2651752808442383D814C806437999B4C22FD2E77D18BEDAF2AC6786AB,HOLDOUT,BBDD5D2BB90F8267FA70ABA86C30CE5DDE1B79DCFF688EF6CE2620D253C3BAB8,BBDD5D2BB90F8267FA70ABA86C30CE5DDE1B79DCFF688EF6CE2620D253C3BAB8,true,0,0,0,-1,-1,,0,0
31371F0EA09BFB13ECAECD39B9C36CF70E4662CB0E31F2ABE26B8E74402003F5,HOLDOUT,BA353009093157F9D755862702C5D4D97607EBE3794418222D2E070AE6426A65,BA353009093157F9D755862702C5D4D97607EBE3794418222D2E070AE6426A65,true,0,0,0,-1,-1,,0,0
