Sha256,PythonHash,CSharpHash,DifferentFloats,MeanAbsDelta,MaxAbsDelta
73938D63A261576FFEB30B2C0E33DBE085B1C870F5DFA41FB6DE596F57A839D8,A6E19709177481DE290B0E65B7C65D2446EB2348017F9DDB9B714797DF67296E,A6E19709177481DE290B0E65B7C65D2446EB2348017F9DDB9B714797DF67296E,0,0,0
94A5BB490143CEE934380D4FEB4659ABE2DD005FCE09BA87046839EC01B9A049,D785765D611A69EAE5F8506D4B71C2AF5A7CDF6E9958C7EA608DCC219EA4ECDE,D785765D611A69EAE5F8506D4B71C2AF5A7CDF6E9958C7EA608DCC219EA4ECDE,0,0,0
34E7190B10DE1060A821BA5B262D16CF469116C53FAA10A487AE71EDA02DE220,79743B3DBC73DF3D3C18DED9063BFD4DC2DAE61C513F12E229766A8F2B633472,79743B3DBC73DF3D3C18DED9063BFD4DC2DAE61C513F12E229766A8F2B633472,0,0,0
83E0306FF5707DBDEBFC9AD88A3634DF1D24B33FAA5A733B74A629090F74A53D,2A95A7B02FE07B7C125DC2BE08581A9C8AF3E2DAF0C9A3BB09688FDF678DB01D,2A95A7B02FE07B7C125DC2BE08581A9C8AF3E2DAF0C9A3BB09688FDF678DB01D,0,0,0
030126CE7D614353FF03F90C126B6D2C3746D913B36523810DF4F1B51326D882,B4AC9BD6F923B2B292E78AA4395FB658BCE150398C8A25F1CB4118DF25547B3E,B4AC9BD6F923B2B292E78AA4395FB658BCE150398C8A25F1CB4118DF25547B3E,0,0,0
53531D26119A3A91D8160D16D8081238C94A83B00EADEEECB6BED96F35C0D21F,927F4A597C12095E7C477636CE4ABA4C7A24CC818DB11880BBC0577CA76E5880,927F4A597C12095E7C477636CE4ABA4C7A24CC818DB11880BBC0577CA76E5880,0,0,0
92914214759A1969F8F6DA6FC3EAF436EEC02704E5B3141C282C9D183B15D2BC,B01F93EEA27D34DBC1159267548973461DD5BCE5101FDA1FAF0BDBFF21F319F6,B01F93EEA27D34DBC1159267548973461DD5BCE5101FDA1FAF0BDBFF21F319F6,0,0,0
963E9941D8D3A90BDACCFDDA949B7EEDD535A2ED456FA063B67893EC4D759786,A5103BE091FFAE947CE7AA2E97F155D505A66CC030A156B73D17841AA749BA5C,A5103BE091FFAE947CE7AA2E97F155D505A66CC030A156B73D17841AA749BA5C,0,0,0
C2C93818726DAC52E58536C78525B62A417DEC82F9491E4941E8AEE2CFA42B42,894753A8237F5B5BF8EDDAC16BD29C0049FDF5E0B1E5D520E26D3F54CB1ECB09,894753A8237F5B5BF8EDDAC16BD29C0049FDF5E0B1E5D520E26D3F54CB1ECB09,0,0,0
E8066B5FA877947A47862B566C3A752FD1BA514973CD2B01A7AD31803BBDD28B,FCF3F6FCF708238BAF876E8E9DD6AB63B2070878F249EC8FDAE8E51D8C6C5049,FCF3F6FCF708238BAF876E8E9DD6AB63B2070878F249EC8FDAE8E51D8C6C5049,0,0,0
2D43B3648B73EFBB36772933B8ED7CE0CD779C0945E776A136EC6123FA5D5551,9802BFEBB4A9E7CA87AC058C756ABD4E9B98FEECB5ADEEE982059AE2D4FA25E7,9802BFEBB4A9E7CA87AC058C756ABD4E9B98FEECB5ADEEE982059AE2D4FA25E7,0,0,0
B4C8FA3786E8BA119F3C5F40F1BF5868D7591D0E865FF2AF84F7235674F33C88,E3A60201B5886BC6011A43B71B3DE0E849DB30F7CCA6EFE0992F0AB854ECAAF4,E3A60201B5886BC6011A43B71B3DE0E849DB30F7CCA6EFE0992F0AB854ECAAF4,0,0,0
D0998159322E7036852951E3B6BB4631E0A5EF21ADFC0DFC39679D4F410C959F,073E254097AF5FB529B9DF620198E63CE03A81B1C995FC7945C33B0671BB531C,073E254097AF5FB529B9DF620198E63CE03A81B1C995FC7945C33B0671BB531C,0,0,0
B7004863AED55E481D4397435BD5B06CEA6180397E1059883D51F5D066F1147F,F7780824DFB62B2A179FC94BA4C820DB56E91E3DB2240D0119726FD1E0DB0BDE,F7780824DFB62B2A179FC94BA4C820DB56E91E3DB2240D0119726FD1E0DB0BDE,0,0,0
C177CD77BAA5F5587D302FDCC9F5615424F6BCED6057AA300113D6E3A600DC02,A968DC61BBBA0F969D053DB9141374994E48ECA919629BA73590ECB02E66B2DC,A968DC61BBBA0F969D053DB9141374994E48ECA919629BA73590ECB02E66B2DC,0,0,0
D165FB62E80F26847F1F00B1DBD7E949928E56EC5C2A0EDD2FE929E4ABD85CB0,B9BDF96E93FB442DFA1F4D56F854DE9456331ACE2D890AC4BD344D9D7B327593,B9BDF96E93FB442DFA1F4D56F854DE9456331ACE2D890AC4BD344D9D7B327593,0,0,0
A75839AE32A6A29EBB6CF64EBE45427C346DFFE51E758D5F04D903FC28147D87,1A56933055B4D594699D8BAF1A8EE2EF38D6453FE0C1C4E11C4EC8B81A0EABE5,1A56933055B4D594699D8BAF1A8EE2EF38D6453FE0C1C4E11C4EC8B81A0EABE5,0,0,0
681D494D1EABD2B24BA13F9F99B3AC5F6D565688BB7368714C430C5395C5A868,3326AF175B14A16FA17356DAEE1793941DE3EC14B3F5693F2DA8AD84745BCFE8,3326AF175B14A16FA17356DAEE1793941DE3EC14B3F5693F2DA8AD84745BCFE8,0,0,0
B68674F3B9393FDE895EBE47421061B41DCE664D2174AFA8C7904CD4324C5124,F8CE188362B0006E02B3FBA24B5C228F8CEC56E0E3A3876105C8187EDB839834,F8CE188362B0006E02B3FBA24B5C228F8CEC56E0E3A3876105C8187EDB839834,0,0,0
5E8DD1B162CD0DD53E297362595BB3BE6CF0D4A3AA3803D214C679FD4CBD69F1,4110D2EB988DBB13DA2BFF00A4A84FA5A0522F4C9FAD922059679C156E10598B,4110D2EB988DBB13DA2BFF00A4A84FA5A0522F4C9FAD922059679C156E10598B,0,0,0
8F6CD87791DE515777752DAA95C010EB45B43DFD9348A6AD6110D4325615EA00,24F3E42F6EE1C9A5ACB5CD97D76D361993F40CDE28E9234C0E59A2A20AE0F80B,24F3E42F6EE1C9A5ACB5CD97D76D361993F40CDE28E9234C0E59A2A20AE0F80B,0,0,0
0A580FEA09DEB190DE1B8FCECAECE18D82D97ED106F75509B1CAFE5475D16253,410C237EB37280C16C53BBDA8917252EC05DB3A084536031E7465C0041A876FD,410C237EB37280C16C53BBDA8917252EC05DB3A084536031E7465C0041A876FD,0,0,0
4AA692A94759E1F431C7F170D7194BD10D99DC221BB5B63BD9A9654AA70A7515,B5EB95659D1047DB072FE5A90FD3F6ECFA30ECD7835135F986628F3BD3721503,B5EB95659D1047DB072FE5A90FD3F6ECFA30ECD7835135F986628F3BD3721503,0,0,0
CEBD403817596F810B3BB9DCECB123713E7BC8788B8B6DDD32DF87CEED97D03A,0373F8DE96BEF8EAB9BE0387A1528134E1FE60495F813F2B637C311E6A973652,0373F8DE96BEF8EAB9BE0387A1528134E1FE60495F813F2B637C311E6A973652,0,0,0
2AF9DE4CAF9BB15F857FAE3B9E6DFEEDD831219A156B978E43FF62BC315266C6,D8392852A78AFD4E77AB5F054B71FA8E48EB16CAAEC7123035EF62843CA71A61,D8392852A78AFD4E77AB5F054B71FA8E48EB16CAAEC7123035EF62843CA71A61,0,0,0
72047867C7642F6358837C0F9867C83F915A29366A6B64C6508DCE8FEB356E85,23D0BF8646C1B16FC31DB6F9F209D8533DE4306469FAB0FEE09DF9E77D436ABC,23D0BF8646C1B16FC31DB6F9F209D8533DE4306469FAB0FEE09DF9E77D436ABC,0,0,0
A881A4460A42E2C5B06E833B3B6B6A7EE43EC358EDBDB48C3B3BD7B7F6643710,D7265ED38C631400F0A7025ADDB7381D123D237DFDDBC284C162797D883BF9D7,D7265ED38C631400F0A7025ADDB7381D123D237DFDDBC284C162797D883BF9D7,0,0,0
09FA512D0268E721B912C8D816EB01D29B16E440ADDC96B967A462DAAAF784DA,4426989DC26861F922FFBC975156774C4AA637E2B045135B3891888E073DBDC2,4426989DC26861F922FFBC975156774C4AA637E2B045135B3891888E073DBDC2,0,0,0
31089A698A1E82394B3667FE64BAF03D2A775892EF73B04FB9C439A916E5CC2A,ED7CF4C819D4936136BAE01D4D215EAD096B6BEB3CFD4D95281C9692284B3BD2,ED7CF4C819D4936136BAE01D4D215EAD096B6BEB3CFD4D95281C9692284B3BD2,0,0,0
3542D120B3139DB932D4DFB7A8D23F072F1FFBEBD924C55AB6494B68851BD418,C832F7691409A6835B138BCCDF38BC898181871981192BEF809DCA62EFCB62AB,C832F7691409A6835B138BCCDF38BC898181871981192BEF809DCA62EFCB62AB,0,0,0
C5DAB04B2642976192FF1B496476C165AAEC82A85C775945E07D2580E0C99279,43E6026984A24493BBC439AF688984A42A98125E46FAEABEAE408D1636586C72,43E6026984A24493BBC439AF688984A42A98125E46FAEABEAE408D1636586C72,0,0,0
645D7CE914A8E04CD643296A64581A6DE08FB07730F4CC96646A93AFE83EE991,8E67B0A59A2443AB9C9097FE27396C845C2B194DCA761B91BA415F9E8EB71F25,8E67B0A59A2443AB9C9097FE27396C845C2B194DCA761B91BA415F9E8EB71F25,0,0,0
9A641C4729F3EF559F7A6D5A621453270D66916A84727E1556C4FB7525EFABC7,EBCAB631202EB85C6D7B539E3EAF1A389CA9EA9728A57C6F027650059B027950,EBCAB631202EB85C6D7B539E3EAF1A389CA9EA9728A57C6F027650059B027950,0,0,0
BE8E9456C6B3CD399C535A48BB397D4BF7C91D9CBDC212D5438373DDEFD4B5B5,4AA5CE8EBBD78EBC667C066573F5B3055B0D77E74CEDC69E2CDE8E4B19D5D140,4AA5CE8EBBD78EBC667C066573F5B3055B0D77E74CEDC69E2CDE8E4B19D5D140,0,0,0
94F6E14058C816126DE54ADD5ABC33BE7B27923DDB132FBC9590101D1E82C8D7,3D4E7D369C6055ECF613B187BE810C135456B18E1893E7D0B8063EDC44C06617,3D4E7D369C6055ECF613B187BE810C135456B18E1893E7D0B8063EDC44C06617,0,0,0
0814C60BD510A3E30D86D313B0DDDB0CB088B987E781388B1C942943A13D554E,02DAF56A42614DB3C73E0C9F7ED5647CCB9F44087AF73B9E56AD23F88DE9934F,02DAF56A42614DB3C73E0C9F7ED5647CCB9F44087AF73B9E56AD23F88DE9934F,0,0,0
4076445FF73213039D7402664EB4FC48546391227FAB11DAA3224DA874701C8C,5362D71DECA510D970A435C73DE48F66F23C74DB638D9F4C120C04C30FC34FB3,5362D71DECA510D970A435C73DE48F66F23C74DB638D9F4C120C04C30FC34FB3,0,0,0
74DA980974A41F7B871D2C47FD7A44101AB5661F1393C6FEFD5399CAA02A68DD,179B5DCC0C1C5E18F0168B4F7E5F47135B51E303B18FFF33C8C3675EACACD444,179B5DCC0C1C5E18F0168B4F7E5F47135B51E303B18FFF33C8C3675EACACD444,0,0,0
EC91DE96F8A25E7EE60D3F37BF910A33AE2F346FEE43CEEEF8DFD14BB3F53973,CF4824B7FD322E4ECA6BC0B840FFDF5071A5C78B4F6E42C80502F3590F4CFB91,CF4824B7FD322E4ECA6BC0B840FFDF5071A5C78B4F6E42C80502F3590F4CFB91,0,0,0
966FCC7F039D31C33FC27230D26B6EC27356D2033146FA8A4EE21461EAB0945D,EA102FB7A5EC4943482D6219B7D2CF198E1FC82B7172420F2CDC8129D1246E15,EA102FB7A5EC4943482D6219B7D2CF198E1FC82B7172420F2CDC8129D1246E15,0,0,0
D2B2FACB91DDE28A9AED66FDEA2BDBD8E2FD91B94161D10F361C4040553FF392,CF0317B654F69DE0EA355FC228DC192FF6BC37BF2254DC243F7BE8941FF22677,CF0317B654F69DE0EA355FC228DC192FF6BC37BF2254DC243F7BE8941FF22677,0,0,0
F6112D3A8671D063327C69FBA50410F72448E6DA21C4C8A6AFCFC3F883CE84A4,4390E1E6BA7971F7E9C5A9A841B4E21C44072ACA8EA9ADA2A67860DD61BDE986,4390E1E6BA7971F7E9C5A9A841B4E21C44072ACA8EA9ADA2A67860DD61BDE986,0,0,0
131E45D3DC803E82CB78E212E95C4E289E840BF38F309CC9E631F8D3F0668D7B,A1709483E0141C95C32D9258F68B3D1D2BF9F649AF29EF9C5D051F671B62B0DD,A1709483E0141C95C32D9258F68B3D1D2BF9F649AF29EF9C5D051F671B62B0DD,0,0,0
398257AA42671A521BDE2ED73A1695CCE3819975D25652CA5F06383773E842EE,11C18E4A9ED25C4F40F9B57E9D4C06FA0603E06856BD8D3DAC2BEB420AF981BF,11C18E4A9ED25C4F40F9B57E9D4C06FA0603E06856BD8D3DAC2BEB420AF981BF,0,0,0
5EAC3DD7134262EC7667AFFD27336A78CCB94C616157B186FF964556F9635BB7,D6F1AEEB208BBD096B5F966FB3DC8CA828B380F879C0959F2F471AE2A6EC66FA,D6F1AEEB208BBD096B5F966FB3DC8CA828B380F879C0959F2F471AE2A6EC66FA,0,0,0
DFB5D9B1FC4775F72C0526C008E7C7438380A66D13114E8C65F3FAC5F942FFA3,6653C76FFCCA69A3E94B0D51F3CD889A2B5066947D64EFB652FA65770B77F317,6653C76FFCCA69A3E94B0D51F3CD889A2B5066947D64EFB652FA65770B77F317,0,0,0
2CDC2802080A93C44CC6959AF2AC254546F4652B24A22C9B75546BEDFDB0A3EA,8055EFF0975500B78ADC39B496CF6206AD72FF9FD3A1699458606E54EE6CE27F,8055EFF0975500B78ADC39B496CF6206AD72FF9FD3A1699458606E54EE6CE27F,0,0,0
999FBF2C511BEF61577E45BE48F034B1AABDC5692AEB747159BD61CF408F6BB4,1541B97220F753E6F794CDD53C7A6A989F084E843B0037BB78E05C4CDBD7964E,1541B97220F753E6F794CDD53C7A6A989F084E843B0037BB78E05C4CDBD7964E,0,0,0
7D6906456FD818CCF677B46E7E09A4F9EE6932CEE5AF8FED0DC9CD4D2D7EEE75,003677EB3B96A5EBFE66D7ADD65C9894371AECD7AE95F92730AEB58F18C10BDA,003677EB3B96A5EBFE66D7ADD65C9894371AECD7AE95F92730AEB58F18C10BDA,0,0,0
AD4F901A339BA7D979DDC8D72FDF48CF5AEA068CE8B78E0A68DB02659CBB784D,DA13F4C0EFBACBD8678B48DB59477EDD226BB5A23BF87958512D845242CB549E,DA13F4C0EFBACBD8678B48DB59477EDD226BB5A23BF87958512D845242CB549E,0,0,0
DA7DB06022306B8142F9D0179BDE36BFE71E64CEC4A2D7E10FCCE5D2FDBC7C97,B23260FB44E9545901F8C09A9DF5A31A1D54F7B692637EF87AE40422EE9178B2,B23260FB44E9545901F8C09A9DF5A31A1D54F7B692637EF87AE40422EE9178B2,0,0,0
3E354C1E6A7CB85C4D523AC1B7741EC6E1D498440C0B1FFF531DD3B50320AB78,C3BB7B5C9606208823C3B3E73E631FD620D4A203D9634DABB608664A2056285E,C3BB7B5C9606208823C3B3E73E631FD620D4A203D9634DABB608664A2056285E,0,0,0
50D0A84325CDCF665E473A3E3D0F62F86079E2DCFEF4AE4E4BE0D2A776C0AF97,736D348F31BB1FFEC1E3995C3964B87D23AD2A6BB5FB86B1BD4972DDA1D77F7F,736D348F31BB1FFEC1E3995C3964B87D23AD2A6BB5FB86B1BD4972DDA1D77F7F,0,0,0
02523B356AEC13D925C44F336DDAABE81215EE01EE8BCBDEBFC6714A37D55A28,89CF95866FAF5C529B82ECA0E73DB2AEDE88BDD5096DA6CD6FE56801046747F4,89CF95866FAF5C529B82ECA0E73DB2AEDE88BDD5096DA6CD6FE56801046747F4,0,0,0
AF9E13927BD6123DA16DE0369AA7435A2892D4D71E8A0B3863F85C6A5E30455A,2F0A34AAC767A2753C90BEAC9740140E4FCDD835B4AA195F703F6014D2B09284,2F0A34AAC767A2753C90BEAC9740140E4FCDD835B4AA195F703F6014D2B09284,0,0,0
70943A213A862A315DB451BAFBADDBFE5C0E45D694BF40FD8E5430FF47A032BA,F6C6C4B6824FC46611CBEADAC73F9377A4E25C99F7B009BA622EB6D7D296D723,F6C6C4B6824FC46611CBEADAC73F9377A4E25C99F7B009BA622EB6D7D296D723,0,0,0
28FCC8808B0DEE25A850B6F4C5063E17FB94B3CB194917E84422E9F2A8C111A5,C1468226ADE6DF58D17077AE91C37B8928147126EC6D1608713A9815B591FEE5,C1468226ADE6DF58D17077AE91C37B8928147126EC6D1608713A9815B591FEE5,0,0,0
CA4B144974CDD331E904D3646E7F74FDAE6502B6CCDA4A0B4845C2FA9E2F6DB8,AF4B3DF5F80322F16188B9483A67BAA7578A6B480FFB9A405213BA532103E77E,AF4B3DF5F80322F16188B9483A67BAA7578A6B480FFB9A405213BA532103E77E,0,0,0
40D282AFE8457677E743468F7D7EDAAA8FEEDB38D7458D01304953DA8E2E5BE4,A03FDF0AD7B0F006BD257FA4870366969CC957DA772E6DEF066C76D11D5AD453,A03FDF0AD7B0F006BD257FA4870366969CC957DA772E6DEF066C76D11D5AD453,0,0,0
675F30D09450E3C2A33AD99C4DC69C108D812EF861FD47858519F8A9913464E3,87A698A8D33A558052428BF6B58BBF0DFFCAC347AABD216F8076A68F237D283C,87A698A8D33A558052428BF6B58BBF0DFFCAC347AABD216F8076A68F237D283C,0,0,0
9B103DB594C0BEE038C97560216C9623601B0050584D5946910513AC662DCE6F,7DE295FD9B50CFF2FF49175E4FC4216D24E35062475529C299EB62D1F657C2B1,7DE295FD9B50CFF2FF49175E4FC4216D24E35062475529C299EB62D1F657C2B1,0,0,0
6DB7AD704B49BFC71197B65C40C94E926183B498F4CFEB7553FAE26B2BC534A3,16EA5BA4BEB0509461532A9F24674A99935E3F1DAE2C531C6C190354781C0779,16EA5BA4BEB0509461532A9F24674A99935E3F1DAE2C531C6C190354781C0779,0,0,0
1C4DB25AAC0A169B26D121DF0992AB546E8D487A74FD1E45FDEF3490F3708601,909F1DAF3B53DB667C1E691A95300035919053605861DF6B59A95D3A753E00C6,909F1DAF3B53DB667C1E691A95300035919053605861DF6B59A95D3A753E00C6,0,0,0
382662294B57C459DB9F1231FE0503A77176D130F8EA1BFB709132C3115F1A49,A8920017A9AD3C8AEE9B7D1AAD8CA4884BA6B69F3D2514AC88BD5F347D46E3A8,A8920017A9AD3C8AEE9B7D1AAD8CA4884BA6B69F3D2514AC88BD5F347D46E3A8,0,0,0
4C4A524F6C4F42DB654184D20C435FAAFCACA3F08AE9CF313F55ED571DDEAFE3,6595647A7ED0DEEAB6A7EAE59EDBF3E4510F6C5B41F7877093720B8829559BCA,6595647A7ED0DEEAB6A7EAE59EDBF3E4510F6C5B41F7877093720B8829559BCA,0,0,0
D86F134415A04E0606A287E30878EC7914E9DF74B3B4C92B1EF28FD94B366E94,925CA39F1A584A0CD263A51C176E17872C8230BFE19D6498677366ACD77118BB,925CA39F1A584A0CD263A51C176E17872C8230BFE19D6498677366ACD77118BB,0,0,0
4CB36B9488EDCAA6B27FEF1B0A3524525E14E115CF2045F118B032995E653587,9D678FABA625B3C8CB48BF9DF071B3275E8FD0C2E0C97C96036C91FA63A5E652,9D678FABA625B3C8CB48BF9DF071B3275E8FD0C2E0C97C96036C91FA63A5E652,0,0,0
720D554E1CE7B5F36A27E8EB9E0C446EDD580DD15E0AAB7C46E8EB12BE170C51,4FE94852EDB8DA5E13719E9444C82B71DCC66355807D25C36132FF1658793304,4FE94852EDB8DA5E13719E9444C82B71DCC66355807D25C36132FF1658793304,0,0,0
83C37B5C6E92C9515F9456960E62208CEF94E5985871436E4E5464233C0EA6A0,45E03D7745D5A8E4CBFF92F8198DA62A8101349C54AEA3D151E139CFFF4715FF,45E03D7745D5A8E4CBFF92F8198DA62A8101349C54AEA3D151E139CFFF4715FF,0,0,0
35784F288939B0D8F196CB8646314FE710549A870D08E33C8E974D21EABBA0D1,B36378759169AE81611FA667882534E0C93CC2A7567712610EDC729D8EE2325C,B36378759169AE81611FA667882534E0C93CC2A7567712610EDC729D8EE2325C,0,0,0
7943C6EB1641AD882AF8038E05B5F350A7FA8FBE6C2DF3DF90E9004412040FEF,9752BF64219A841684241F2ACAB61BC95C6568CD04AC50E5201F316990AA850F,9752BF64219A841684241F2ACAB61BC95C6568CD04AC50E5201F316990AA850F,0,0,0
122412579CB7F775A638F44BF40EACB229C173965B54C8B8FBC969D28DA6F2DC,13BE7127842E473D8AE615A32FFB4387C5CF62DB7484F0FFC7F0ACC7047A3A64,13BE7127842E473D8AE615A32FFB4387C5CF62DB7484F0FFC7F0ACC7047A3A64,0,0,0
8AE4509AEFA61A7ABB180BC7A0514AD169E1E8047C07D7544D3D0CB800B4E3FC,6E5C3C6E6987F29EEBA83CC0F4306F747C4E51F36A74817EF12BC66596A5BB4B,6E5C3C6E6987F29EEBA83CC0F4306F747C4E51F36A74817EF12BC66596A5BB4B,0,0,0
FA8700C24DBDFE130D17A72C536CC9DCF1639DD4A8C5E313DB18605F70DAEED5,922E409FE888189C8B6731B97A043B613B5124AC8AB00C99E13E85DD9A57B9FC,922E409FE888189C8B6731B97A043B613B5124AC8AB00C99E13E85DD9A57B9FC,0,0,0
0EF37A45898658CCA6C6E9A3A57946875F92E0AC0AF3C602DA2E9086380F6AE4,117B0EE2AA76BAB79E82580811755B228568DFF61AF638FB6D2B47F468BA15C1,117B0EE2AA76BAB79E82580811755B228568DFF61AF638FB6D2B47F468BA15C1,0,0,0
15ED536B42D37302D1DD306E1E2F9C46AA07C069EC3DE614660DA7B6ECE627C0,8641A8AEB1B907C8D21A6D5691C91586922D19A0F7DBFA3F139DFDEC42D34447,8641A8AEB1B907C8D21A6D5691C91586922D19A0F7DBFA3F139DFDEC42D34447,0,0,0
B6524C56C8E4C7F199F98CE0E2EBE84BEC72DA783A9E5A1DA9FC17505080F44F,AAE3F458B7706B0D05B7E988B2CFB6860C2E38CCACA8759C89B5EDF280DC0796,AAE3F458B7706B0D05B7E988B2CFB6860C2E38CCACA8759C89B5EDF280DC0796,0,0,0
D9AFAF729E3D7965CE69B7DA7477640EFE7CB3725C7753E3C22305D06BF77C6B,BBD307D6838F1AF9E2467113839363EBD9A63382EFE64123B73AC48C982B7474,BBD307D6838F1AF9E2467113839363EBD9A63382EFE64123B73AC48C982B7474,0,0,0
2D246A2651752808442383D814C806437999B4C22FD2E77D18BEDAF2AC6786AB,2C417046E8780C68079ED9047AB66E60E0000B6E13868BB298BE6C913D8E85C6,2C417046E8780C68079ED9047AB66E60E0000B6E13868BB298BE6C913D8E85C6,0,0,0
31371F0EA09BFB13ECAECD39B9C36CF70E4662CB0E31F2ABE26B8E74402003F5,19A1AA7882BB94D124FEFFC5A4864A615A9EB2FBC62F07EEE7534A2397457828,19A1AA7882BB94D124FEFFC5A4864A615A9EB2FBC62F07EEE7534A2397457828,0,0,0
