Sha256,GroupId,LabelOriginal,LabelBinario,SourceType,CorpusPath,VisualAssetPath,Width,Height,Method,Dpi
"73938D63A261576FFEB30B2C0E33DBE085B1C870F5DFA41FB6DE596F57A839D8","factura-avon-a-impresa","FACTURA","FACTURA","PDF","C:\Users\omard\source\repos\RecepcionDocumental\RecepcionDocumental\tools\DocumentAiProbe\Corpus\FACTURA\73938d63a261_J0002_QUIROGA_LUISINA_BELEN_CB_96-033-185-889_2016-02-01_2016-03-31_2026-08-05_0.pdf","C:\Users\omard\source\repos\RecepcionDocumental\RecepcionDocumental\tools\DocumentAiProbe\experiments\H1D9B\assets\73938D63A261576FFEB30B2C0E33DBE085B1C870F5DFA41FB6DE596F57A839D8.png","2479","3508","PDFTOIMAGE_FIRST_PAGE_300_DPI_NO_CROP","300"
"94A5BB490143CEE934380D4FEB4659ABE2DD005FCE09BA87046839EC01B9A049","factura-avon-a-impresa","FACTURA","FACTURA","IMAGE","C:\Users\omard\source\repos\RecepcionDocumental\RecepcionDocumental\tools\DocumentAiProbe\Corpus\FACTURA\94a5bb490143_I0132_246C4E4A.jpg","C:\Users\omard\source\repos\RecepcionDocumental\RecepcionDocumental\tools\DocumentAiProbe\experiments\H1D9B\assets\94A5BB490143CEE934380D4FEB4659ABE2DD005FCE09BA87046839EC01B9A049.png","3000","4000","SYSTEM_DRAWING_EXIF_ORIENTED_PNG_NO_CROP",""
"34E7190B10DE1060A821BA5B262D16CF469116C53FAA10A487AE71EDA02DE220","factura-familia-aquavita","FACTURA","FACTURA","PDF","C:\Users\omard\source\repos\RecepcionDocumental\RecepcionDocumental\tools\DocumentAiProbe\Corpus\FACTURA\34e7190b10de_Z001023243373.pdf","C:\Users\omard\source\repos\RecepcionDocumental\RecepcionDocumental\tools\DocumentAiProbe\experiments\H1D9B\assets\34E7190B10DE1060A821BA5B262D16CF469116C53FAA10A487AE71EDA02DE220.png","2550","3299","PDFTOIMAGE_FIRST_PAGE_300_DPI_NO_CROP","300"
"83E0306FF5707DBDEBFC9AD88A3634DF1D24B33FAA5A733B74A629090F74A53D","factura-familia-aquavita","FACTURA","FACTURA","PDF","C:\Users\omard\source\repos\RecepcionDocumental\RecepcionDocumental\tools\DocumentAiProbe\Corpus\FACTURA\83e0306ff570_Z001023243348.pdf","C:\Users\omard\source\repos\RecepcionDocumental\RecepcionDocumental\tools\DocumentAiProbe\experiments\H1D9B\assets\83E0306FF5707DBDEBFC9AD88A3634DF1D24B33FAA5A733B74A629090F74A53D.png","2480","3507","PDFTOIMAGE_FIRST_PAGE_300_DPI_NO_CROP","300"
"030126CE7D614353FF03F90C126B6D2C3746D913B36523810DF4F1B51326D882","factura-familia-arca-fce-standard","FACTURA","FACTURA","PDF","C:\Users\omard\source\repos\RecepcionDocumental\RecepcionDocumental\tools\DocumentAiProbe\Corpus\FACTURA\030126ce7d61_Z001023242608.pdf","C:\Users\omard\source\repos\RecepcionDocumental\RecepcionDocumental\tools\DocumentAiProbe\experiments\H1D9B\assets\030126CE7D614353FF03F90C126B6D2C3746D913B36523810DF4F1B51326D882.png","2479","3508","PDFTOIMAGE_FIRST_PAGE_300_DPI_NO_CROP","300"
"53531D26119A3A91D8160D16D8081238C94A83B00EADEEECB6BED96F35C0D21F","factura-familia-arca-fce-standard","FACTURA","FACTURA","PDF","C:\Users\omard\source\repos\RecepcionDocumental\RecepcionDocumental\tools\DocumentAiProbe\Corpus\FACTURA\53531d26119a_Z001023242890.pdf","C:\Users\omard\source\repos\RecepcionDocumental\RecepcionDocumental\tools\DocumentAiProbe\experiments\H1D9B\assets\53531D26119A3A91D8160D16D8081238C94A83B00EADEEECB6BED96F35C0D21F.png","2479","3508","PDFTOIMAGE_FIRST_PAGE_300_DPI_NO_CROP","300"
"92914214759A1969F8F6DA6FC3EAF436EEC02704E5B3141C282C9D183B15D2BC","factura-familia-arca-fce-standard","FACTURA","FACTURA","PDF","C:\Users\omard\source\repos\RecepcionDocumental\RecepcionDocumental\tools\DocumentAiProbe\Corpus\FACTURA\92914214759a_Z001023242560.pdf","C:\Users\omard\source\repos\RecepcionDocumental\RecepcionDocumental\tools\DocumentAiProbe\experiments\H1D9B\assets\92914214759A1969F8F6DA6FC3EAF436EEC02704E5B3141C282C9D183B15D2BC.png","2479","3508","PDFTOIMAGE_FIRST_PAGE_300_DPI_NO_CROP","300"
"963E9941D8D3A90BDACCFDDA949B7EEDD535A2ED456FA063B67893EC4D759786","factura-familia-arca-fce-standard","FACTURA","FACTURA","PDF","C:\Users\omard\source\repos\RecepcionDocumental\RecepcionDocumental\tools\DocumentAiProbe\Corpus\FACTURA\963e9941d8d3_Z001023242559.pdf","C:\Users\omard\source\repos\RecepcionDocumental\RecepcionDocumental\tools\DocumentAiProbe\experiments\H1D9B\assets\963E9941D8D3A90BDACCFDDA949B7EEDD535A2ED456FA063B67893EC4D759786.png","2479","3508","PDFTOIMAGE_FIRST_PAGE_300_DPI_NO_CROP","300"
"C2C93818726DAC52E58536C78525B62A417DEC82F9491E4941E8AEE2CFA42B42","factura-familia-arca-fce-standard","FACTURA","FACTURA","PDF","C:\Users\omard\source\repos\RecepcionDocumental\RecepcionDocumental\tools\DocumentAiProbe\Corpus\FACTURA\c2c93818726d_Z001023242895.pdf","C:\Users\omard\source\repos\RecepcionDocumental\RecepcionDocumental\tools\DocumentAiProbe\experiments\H1D9B\assets\C2C93818726DAC52E58536C78525B62A417DEC82F9491E4941E8AEE2CFA42B42.png","2479","3508","PDFTOIMAGE_FIRST_PAGE_300_DPI_NO_CROP","300"
"E8066B5FA877947A47862B566C3A752FD1BA514973CD2B01A7AD31803BBDD28B","factura-familia-ascensores-orem","FACTURA","FACTURA","PDF","C:\Users\omard\source\repos\RecepcionDocumental\RecepcionDocumental\tools\DocumentAiProbe\Corpus\FACTURA\e8066b5fa877_Z001023243349.pdf","C:\Users\omard\source\repos\RecepcionDocumental\RecepcionDocumental\tools\DocumentAiProbe\experiments\H1D9B\assets\E8066B5FA877947A47862B566C3A752FD1BA514973CD2B01A7AD31803BBDD28B.png","2550","4200","PDFTOIMAGE_FIRST_PAGE_300_DPI_NO_CROP","300"
"2D43B3648B73EFBB36772933B8ED7CE0CD779C0945E776A136EC6123FA5D5551","factura-familia-branding-merchandising","FACTURA","FACTURA","PDF","C:\Users\omard\source\repos\RecepcionDocumental\RecepcionDocumental\tools\DocumentAiProbe\Corpus\FACTURA\2d43b3648b73_Z001023243329.pdf","C:\Users\omard\source\repos\RecepcionDocumental\RecepcionDocumental\tools\DocumentAiProbe\experiments\H1D9B\assets\2D43B3648B73EFBB36772933B8ED7CE0CD779C0945E776A136EC6123FA5D5551.png","2479","3504","PDFTOIMAGE_FIRST_PAGE_300_DPI_NO_CROP","300"
"B4C8FA3786E8BA119F3C5F40F1BF5868D7591D0E865FF2AF84F7235674F33C88","factura-familia-condominio-pdi","FACTURA","FACTURA","PDF","C:\Users\omard\source\repos\RecepcionDocumental\RecepcionDocumental\tools\DocumentAiProbe\Corpus\FACTURA\b4c8fa3786e8_Z001023243075.pdf","C:\Users\omard\source\repos\RecepcionDocumental\RecepcionDocumental\tools\DocumentAiProbe\experiments\H1D9B\assets\B4C8FA3786E8BA119F3C5F40F1BF5868D7591D0E865FF2AF84F7235674F33C88.png","2480","3507","PDFTOIMAGE_FIRST_PAGE_300_DPI_NO_CROP","300"
"D0998159322E7036852951E3B6BB4631E0A5EF21ADFC0DFC39679D4F410C959F","factura-familia-condominio-pdi","FACTURA","FACTURA","PDF","C:\Users\omard\source\repos\RecepcionDocumental\RecepcionDocumental\tools\DocumentAiProbe\Corpus\FACTURA\d0998159322e_Z001023243074.pdf","C:\Users\omard\source\repos\RecepcionDocumental\RecepcionDocumental\tools\DocumentAiProbe\experiments\H1D9B\assets\D0998159322E7036852951E3B6BB4631E0A5EF21ADFC0DFC39679D4F410C959F.png","2480","3507","PDFTOIMAGE_FIRST_PAGE_300_DPI_NO_CROP","300"
"B7004863AED55E481D4397435BD5B06CEA6180397E1059883D51F5D066F1147F","factura-familia-excell","FACTURA","FACTURA","PDF","C:\Users\omard\source\repos\RecepcionDocumental\RecepcionDocumental\tools\DocumentAiProbe\Corpus\FACTURA\b7004863aed5_Z001023243369.pdf","C:\Users\omard\source\repos\RecepcionDocumental\RecepcionDocumental\tools\DocumentAiProbe\experiments\H1D9B\assets\B7004863AED55E481D4397435BD5B06CEA6180397E1059883D51F5D066F1147F.png","2479","3508","PDFTOIMAGE_FIRST_PAGE_300_DPI_NO_CROP","300"
"C177CD77BAA5F5587D302FDCC9F5615424F6BCED6057AA300113D6E3A600DC02","factura-familia-inmuebles-fce","FACTURA","FACTURA","PDF","C:\Users\omard\source\repos\RecepcionDocumental\RecepcionDocumental\tools\DocumentAiProbe\Corpus\FACTURA\c177cd77baa5_Z001023242796.pdf","C:\Users\omard\source\repos\RecepcionDocumental\RecepcionDocumental\tools\DocumentAiProbe\experiments\H1D9B\assets\C177CD77BAA5F5587D302FDCC9F5615424F6BCED6057AA300113D6E3A600DC02.png","2479","3508","PDFTOIMAGE_FIRST_PAGE_300_DPI_NO_CROP","300"
"D165FB62E80F26847F1F00B1DBD7E949928E56EC5C2A0EDD2FE929E4ABD85CB0","factura-familia-manantial","FACTURA","FACTURA","PDF","C:\Users\omard\source\repos\RecepcionDocumental\RecepcionDocumental\tools\DocumentAiProbe\Corpus\FACTURA\d165fb62e80f_Z001023243377.pdf","C:\Users\omard\source\repos\RecepcionDocumental\RecepcionDocumental\tools\DocumentAiProbe\experiments\H1D9B\assets\D165FB62E80F26847F1F00B1DBD7E949928E56EC5C2A0EDD2FE929E4ABD85CB0.png","2479","3508","PDFTOIMAGE_FIRST_PAGE_300_DPI_NO_CROP","300"
"A75839AE32A6A29EBB6CF64EBE45427C346DFFE51E758D5F04D903FC28147D87","factura-familia-pediatrics","FACTURA","FACTURA","PDF","C:\Users\omard\source\repos\RecepcionDocumental\RecepcionDocumental\tools\DocumentAiProbe\Corpus\FACTURA\a75839ae32a6_Z001023243181.pdf","C:\Users\omard\source\repos\RecepcionDocumental\RecepcionDocumental\tools\DocumentAiProbe\experiments\H1D9B\assets\A75839AE32A6A29EBB6CF64EBE45427C346DFFE51E758D5F04D903FC28147D87.png","2480","3508","PDFTOIMAGE_FIRST_PAGE_300_DPI_NO_CROP","300"
"681D494D1EABD2B24BA13F9F99B3AC5F6D565688BB7368714C430C5395C5A868","factura-familia-servicios-inmobiliarios","FACTURA","FACTURA","PDF","C:\Users\omard\source\repos\RecepcionDocumental\RecepcionDocumental\tools\DocumentAiProbe\Corpus\FACTURA\681d494d1eab_Z001023243384.pdf","C:\Users\omard\source\repos\RecepcionDocumental\RecepcionDocumental\tools\DocumentAiProbe\experiments\H1D9B\assets\681D494D1EABD2B24BA13F9F99B3AC5F6D565688BB7368714C430C5395C5A868.png","2479","3508","PDFTOIMAGE_FIRST_PAGE_300_DPI_NO_CROP","300"
"B68674F3B9393FDE895EBE47421061B41DCE664D2174AFA8C7904CD4324C5124","factura-familia-vitalis","FACTURA","FACTURA","PDF","C:\Users\omard\source\repos\RecepcionDocumental\RecepcionDocumental\tools\DocumentAiProbe\Corpus\FACTURA\b68674f3b939_Z001023243327.pdf","C:\Users\omard\source\repos\RecepcionDocumental\RecepcionDocumental\tools\DocumentAiProbe\experiments\H1D9B\assets\B68674F3B9393FDE895EBE47421061B41DCE664D2174AFA8C7904CD4324C5124.png","2479","3504","PDFTOIMAGE_FIRST_PAGE_300_DPI_NO_CROP","300"
"5E8DD1B162CD0DD53E297362595BB3BE6CF0D4A3AA3803D214C679FD4CBD69F1","factura-logistica-la-serenisima-zb2b","FACTURA","FACTURA","PDF","C:\Users\omard\source\repos\RecepcionDocumental\RecepcionDocumental\tools\DocumentAiProbe\Corpus\FACTURA\5e8dd1b162cd_J0005_EDMS_7142_7140_ZB2B_001_05003_00036969_70001729_70001729.pdf","C:\Users\omard\source\repos\RecepcionDocumental\RecepcionDocumental\tools\DocumentAiProbe\experiments\H1D9B\assets\5E8DD1B162CD0DD53E297362595BB3BE6CF0D4A3AA3803D214C679FD4CBD69F1.png","2480","3507","PDFTOIMAGE_FIRST_PAGE_300_DPI_NO_CROP","300"
"8F6CD87791DE515777752DAA95C010EB45B43DFD9348A6AD6110D4325615EA00","alertas-infraestructura-srvedms","NO_DOCUMENTO","NO_FACTURA","IMAGE","C:\Users\omard\source\repos\RecepcionDocumental\RecepcionDocumental\tools\DocumentAiProbe\Corpus\NO_DOCUMENTO\8f6cd87791de_I0066_image034.png","C:\Users\omard\source\repos\RecepcionDocumental\RecepcionDocumental\tools\DocumentAiProbe\experiments\H1D9B\assets\8F6CD87791DE515777752DAA95C010EB45B43DFD9348A6AD6110D4325615EA00.png","743","259","SYSTEM_DRAWING_EXIF_ORIENTED_PNG_NO_CROP",""
"0A580FEA09DEB190DE1B8FCECAECE18D82D97ED106F75509B1CAFE5475D16253","branding-avon-natura","NO_DOCUMENTO","NO_FACTURA","IMAGE","C:\Users\omard\source\repos\RecepcionDocumental\RecepcionDocumental\tools\DocumentAiProbe\Corpus\NO_DOCUMENTO\0a580fea09de_I0125_image002.jpg","C:\Users\omard\source\repos\RecepcionDocumental\RecepcionDocumental\tools\DocumentAiProbe\experiments\H1D9B\assets\0A580FEA09DEB190DE1B8FCECAECE18D82D97ED106F75509B1CAFE5475D16253.png","270","109","SYSTEM_DRAWING_EXIF_ORIENTED_PNG_NO_CROP",""
"4AA692A94759E1F431C7F170D7194BD10D99DC221BB5B63BD9A9654AA70A7515","branding-bunge","NO_DOCUMENTO","NO_FACTURA","IMAGE","C:\Users\omard\source\repos\RecepcionDocumental\RecepcionDocumental\tools\DocumentAiProbe\Corpus\NO_DOCUMENTO\4aa692a94759_I0006_image001.png","C:\Users\omard\source\repos\RecepcionDocumental\RecepcionDocumental\tools\DocumentAiProbe\experiments\H1D9B\assets\4AA692A94759E1F431C7F170D7194BD10D99DC221BB5B63BD9A9654AA70A7515.png","144","38","SYSTEM_DRAWING_EXIF_ORIENTED_PNG_NO_CROP",""
"CEBD403817596F810B3BB9DCECB123713E7BC8788B8B6DDD32DF87CEED97D03A","branding-correo-argentino","NO_DOCUMENTO","NO_FACTURA","IMAGE","C:\Users\omard\source\repos\RecepcionDocumental\RecepcionDocumental\tools\DocumentAiProbe\Corpus\NO_DOCUMENTO\cebd40381759_I0023_inline-1.png","C:\Users\omard\source\repos\RecepcionDocumental\RecepcionDocumental\tools\DocumentAiProbe\experiments\H1D9B\assets\CEBD403817596F810B3BB9DCECB123713E7BC8788B8B6DDD32DF87CEED97D03A.png","130","35","SYSTEM_DRAWING_EXIF_ORIENTED_PNG_NO_CROP",""
"2AF9DE4CAF9BB15F857FAE3B9E6DFEEDD831219A156B978E43FF62BC315266C6","branding-meteomatics","NO_DOCUMENTO","NO_FACTURA","IMAGE","C:\Users\omard\source\repos\RecepcionDocumental\RecepcionDocumental\tools\DocumentAiProbe\Corpus\NO_DOCUMENTO\2af9de4caf9b_I0106_PastedGraphic-4.png","C:\Users\omard\source\repos\RecepcionDocumental\RecepcionDocumental\tools\DocumentAiProbe\experiments\H1D9B\assets\2AF9DE4CAF9BB15F857FAE3B9E6DFEEDD831219A156B978E43FF62BC315266C6.png","200","72","SYSTEM_DRAWING_EXIF_ORIENTED_PNG_NO_CROP",""
"72047867C7642F6358837C0F9867C83F915A29366A6B64C6508DCE8FEB356E85","branding-personal","NO_DOCUMENTO","NO_FACTURA","IMAGE","C:\Users\omard\source\repos\RecepcionDocumental\RecepcionDocumental\tools\DocumentAiProbe\Corpus\NO_DOCUMENTO\72047867c764_G0005_inline-1.png","C:\Users\omard\source\repos\RecepcionDocumental\RecepcionDocumental\tools\DocumentAiProbe\experiments\H1D9B\assets\72047867C7642F6358837C0F9867C83F915A29366A6B64C6508DCE8FEB356E85.png","293","80","SYSTEM_DRAWING_EXIF_ORIENTED_PNG_NO_CROP",""
"A881A4460A42E2C5B06E833B3B6B6A7EE43EC358EDBDB48C3B3BD7B7F6643710","branding-renaper","NO_DOCUMENTO","NO_FACTURA","IMAGE","C:\Users\omard\source\repos\RecepcionDocumental\RecepcionDocumental\tools\DocumentAiProbe\Corpus\NO_DOCUMENTO\a881a4460a42_I0009_RenaperLogo.png","C:\Users\omard\source\repos\RecepcionDocumental\RecepcionDocumental\tools\DocumentAiProbe\experiments\H1D9B\assets\A881A4460A42E2C5B06E833B3B6B6A7EE43EC358EDBDB48C3B3BD7B7F6643710.png","98","116","SYSTEM_DRAWING_EXIF_ORIENTED_PNG_NO_CROP",""
"09FA512D0268E721B912C8D816EB01D29B16E440ADDC96B967A462DAAAF784DA","capturas-error-edms","NO_DOCUMENTO","NO_FACTURA","IMAGE","C:\Users\omard\source\repos\RecepcionDocumental\RecepcionDocumental\tools\DocumentAiProbe\Corpus\NO_DOCUMENTO\09fa512d0268_I0007_image002.png","C:\Users\omard\source\repos\RecepcionDocumental\RecepcionDocumental\tools\DocumentAiProbe\experiments\H1D9B\assets\09FA512D0268E721B912C8D816EB01D29B16E440ADDC96B967A462DAAAF784DA.png","923","675","SYSTEM_DRAWING_EXIF_ORIENTED_PNG_NO_CROP",""
"31089A698A1E82394B3667FE64BAF03D2A775892EF73B04FB9C439A916E5CC2A","capturas-sistema-posicion-consolidada","NO_DOCUMENTO","NO_FACTURA","IMAGE","C:\Users\omard\source\repos\RecepcionDocumental\RecepcionDocumental\tools\DocumentAiProbe\Corpus\NO_DOCUMENTO\31089a698a1e_G0025_image009.png","C:\Users\omard\source\repos\RecepcionDocumental\RecepcionDocumental\tools\DocumentAiProbe\experiments\H1D9B\assets\31089A698A1E82394B3667FE64BAF03D2A775892EF73B04FB9C439A916E5CC2A.png","1920","1008","SYSTEM_DRAWING_EXIF_ORIENTED_PNG_NO_CROP",""
"3542D120B3139DB932D4DFB7A8D23F072F1FFBEBD924C55AB6494B68851BD418","capturas-sistema-posicion-consolidada","NO_DOCUMENTO","NO_FACTURA","IMAGE","C:\Users\omard\source\repos\RecepcionDocumental\RecepcionDocumental\tools\DocumentAiProbe\Corpus\NO_DOCUMENTO\3542d120b313_G0024_image001.png","C:\Users\omard\source\repos\RecepcionDocumental\RecepcionDocumental\tools\DocumentAiProbe\experiments\H1D9B\assets\3542D120B3139DB932D4DFB7A8D23F072F1FFBEBD924C55AB6494B68851BD418.png","1165","481","SYSTEM_DRAWING_EXIF_ORIENTED_PNG_NO_CROP",""
"C5DAB04B2642976192FF1B496476C165AAEC82A85C775945E07D2580E0C99279","capturas-sistema-posicion-consolidada","NO_DOCUMENTO","NO_FACTURA","IMAGE","C:\Users\omard\source\repos\RecepcionDocumental\RecepcionDocumental\tools\DocumentAiProbe\Corpus\NO_DOCUMENTO\c5dab04b2642_G0026_image011.png","C:\Users\omard\source\repos\RecepcionDocumental\RecepcionDocumental\tools\DocumentAiProbe\experiments\H1D9B\assets\C5DAB04B2642976192FF1B496476C165AAEC82A85C775945E07D2580E0C99279.png","971","443","SYSTEM_DRAWING_EXIF_ORIENTED_PNG_NO_CROP",""
"645D7CE914A8E04CD643296A64581A6DE08FB07730F4CC96646A93AFE83EE991","correo-boleta-lanus","NO_DOCUMENTO","NO_FACTURA","IMAGE","C:\Users\omard\source\repos\RecepcionDocumental\RecepcionDocumental\tools\DocumentAiProbe\Corpus\NO_DOCUMENTO\645d7ce914a8_G0013_inline-0.1.1.jpg","C:\Users\omard\source\repos\RecepcionDocumental\RecepcionDocumental\tools\DocumentAiProbe\experiments\H1D9B\assets\645D7CE914A8E04CD643296A64581A6DE08FB07730F4CC96646A93AFE83EE991.png","1242","130","SYSTEM_DRAWING_EXIF_ORIENTED_PNG_NO_CROP",""
"9A641C4729F3EF559F7A6D5A621453270D66916A84727E1556C4FB7525EFABC7","correo-boleta-lanus","NO_DOCUMENTO","NO_FACTURA","IMAGE","C:\Users\omard\source\repos\RecepcionDocumental\RecepcionDocumental\tools\DocumentAiProbe\Corpus\NO_DOCUMENTO\9a641c4729f3_G0014_inline-0.1.2.jpg","C:\Users\omard\source\repos\RecepcionDocumental\RecepcionDocumental\tools\DocumentAiProbe\experiments\H1D9B\assets\9A641C4729F3EF559F7A6D5A621453270D66916A84727E1556C4FB7525EFABC7.png","1242","1622","SYSTEM_DRAWING_EXIF_ORIENTED_PNG_NO_CROP",""
"BE8E9456C6B3CD399C535A48BB397D4BF7C91D9CBDC212D5438373DDEFD4B5B5","error-impresion-xerox","NO_DOCUMENTO","NO_FACTURA","IMAGE","C:\Users\omard\source\repos\RecepcionDocumental\RecepcionDocumental\tools\DocumentAiProbe\Corpus\NO_DOCUMENTO\be8e9456c6b3_I0138_11C1BB9D.jpg","C:\Users\omard\source\repos\RecepcionDocumental\RecepcionDocumental\tools\DocumentAiProbe\experiments\H1D9B\assets\BE8E9456C6B3CD399C535A48BB397D4BF7C91D9CBDC212D5438373DDEFD4B5B5.png","3000","4000","SYSTEM_DRAWING_EXIF_ORIENTED_PNG_NO_CROP",""
"94F6E14058C816126DE54ADD5ABC33BE7B27923DDB132FBC9590101D1E82C8D7","firma-banco","NO_DOCUMENTO","NO_FACTURA","IMAGE","C:\Users\omard\source\repos\RecepcionDocumental\RecepcionDocumental\tools\DocumentAiProbe\Corpus\NO_DOCUMENTO\94f6e14058c8_image002_94f6e14058c8.png","C:\Users\omard\source\repos\RecepcionDocumental\RecepcionDocumental\tools\DocumentAiProbe\experiments\H1D9B\assets\94F6E14058C816126DE54ADD5ABC33BE7B27923DDB132FBC9590101D1E82C8D7.png","385","126","SYSTEM_DRAWING_EXIF_ORIENTED_PNG_NO_CROP",""
"0814C60BD510A3E30D86D313B0DDDB0CB088B987E781388B1C942943A13D554E","firma-deloitte","NO_DOCUMENTO","NO_FACTURA","IMAGE","C:\Users\omard\source\repos\RecepcionDocumental\RecepcionDocumental\tools\DocumentAiProbe\Corpus\NO_DOCUMENTO\0814c60bd510_H0008_image001.png","C:\Users\omard\source\repos\RecepcionDocumental\RecepcionDocumental\tools\DocumentAiProbe\experiments\H1D9B\assets\0814C60BD510A3E30D86D313B0DDDB0CB088B987E781388B1C942943A13D554E.png","156","30","SYSTEM_DRAWING_EXIF_ORIENTED_PNG_NO_CROP",""
"4076445FF73213039D7402664EB4FC48546391227FAB11DAA3224DA874701C8C","firma-deloitte","NO_DOCUMENTO","NO_FACTURA","IMAGE","C:\Users\omard\source\repos\RecepcionDocumental\RecepcionDocumental\tools\DocumentAiProbe\Corpus\NO_DOCUMENTO\4076445ff732_H0009_image002.jpg","C:\Users\omard\source\repos\RecepcionDocumental\RecepcionDocumental\tools\DocumentAiProbe\experiments\H1D9B\assets\4076445FF73213039D7402664EB4FC48546391227FAB11DAA3224DA874701C8C.png","354","334","SYSTEM_DRAWING_EXIF_ORIENTED_PNG_NO_CROP",""
"74DA980974A41F7B871D2C47FD7A44101AB5661F1393C6FEFD5399CAA02A68DD","fotos-familiares","NO_DOCUMENTO","NO_FACTURA","IMAGE","C:\Users\omard\source\repos\RecepcionDocumental\RecepcionDocumental\tools\DocumentAiProbe\Corpus\NO_DOCUMENTO\74da980974a4_2013-04-29-465_74da980974a4.jpg","C:\Users\omard\source\repos\RecepcionDocumental\RecepcionDocumental\tools\DocumentAiProbe\experiments\H1D9B\assets\74DA980974A41F7B871D2C47FD7A44101AB5661F1393C6FEFD5399CAA02A68DD.png","4000","2248","SYSTEM_DRAWING_EXIF_ORIENTED_PNG_NO_CROP",""
"EC91DE96F8A25E7EE60D3F37BF910A33AE2F346FEE43CEEEF8DFD14BB3F53973","fotos-familiares","NO_DOCUMENTO","NO_FACTURA","IMAGE","C:\Users\omard\source\repos\RecepcionDocumental\RecepcionDocumental\tools\DocumentAiProbe\Corpus\NO_DOCUMENTO\ec91de96f8a2_2012-08-24-031_ec91de96f8a2.jpg","C:\Users\omard\source\repos\RecepcionDocumental\RecepcionDocumental\tools\DocumentAiProbe\experiments\H1D9B\assets\EC91DE96F8A25E7EE60D3F37BF910A33AE2F346FEE43CEEEF8DFD14BB3F53973.png","4000","2248","SYSTEM_DRAWING_EXIF_ORIENTED_PNG_NO_CROP",""
"966FCC7F039D31C33FC27230D26B6EC27356D2033146FA8A4EE21461EAB0945D","mapas-viajes","NO_DOCUMENTO","NO_FACTURA","IMAGE","C:\Users\omard\source\repos\RecepcionDocumental\RecepcionDocumental\tools\DocumentAiProbe\Corpus\NO_DOCUMENTO\966fcc7f039d_G0015_6a60f5b49e0e0_128ba41717019@sidekiq-default-84d546fbfc-g5vnq.png","C:\Users\omard\source\repos\RecepcionDocumental\RecepcionDocumental\tools\DocumentAiProbe\experiments\H1D9B\assets\966FCC7F039D31C33FC27230D26B6EC27356D2033146FA8A4EE21461EAB0945D.png","1236","616","SYSTEM_DRAWING_EXIF_ORIENTED_PNG_NO_CROP",""
"D2B2FACB91DDE28A9AED66FDEA2BDBD8E2FD91B94161D10F361C4040553FF392","mapas-viajes","NO_DOCUMENTO","NO_FACTURA","IMAGE","C:\Users\omard\source\repos\RecepcionDocumental\RecepcionDocumental\tools\DocumentAiProbe\Corpus\NO_DOCUMENTO\d2b2facb91dd_G0012_map.png","C:\Users\omard\source\repos\RecepcionDocumental\RecepcionDocumental\tools\DocumentAiProbe\experiments\H1D9B\assets\D2B2FACB91DDE28A9AED66FDEA2BDBD8E2FD91B94161D10F361C4040553FF392.png","1236","616","SYSTEM_DRAWING_EXIF_ORIENTED_PNG_NO_CROP",""
"F6112D3A8671D063327C69FBA50410F72448E6DA21C4C8A6AFCFC3F883CE84A4","mapas-viajes","NO_DOCUMENTO","NO_FACTURA","IMAGE","C:\Users\omard\source\repos\RecepcionDocumental\RecepcionDocumental\tools\DocumentAiProbe\Corpus\NO_DOCUMENTO\f6112d3a8671_G0016_6a60d44ed1591_14225c19926a@sidekiq-default-84d546fbfc-lwrvd.png","C:\Users\omard\source\repos\RecepcionDocumental\RecepcionDocumental\tools\DocumentAiProbe\experiments\H1D9B\assets\F6112D3A8671D063327C69FBA50410F72448E6DA21C4C8A6AFCFC3F883CE84A4.png","1236","616","SYSTEM_DRAWING_EXIF_ORIENTED_PNG_NO_CROP",""
"131E45D3DC803E82CB78E212E95C4E289E840BF38F309CC9E631F8D3F0668D7B","publicidad-ezdrummer","NO_DOCUMENTO","NO_FACTURA","IMAGE","C:\Users\omard\source\repos\RecepcionDocumental\RecepcionDocumental\tools\DocumentAiProbe\Corpus\NO_DOCUMENTO\131e45d3dc80_I0139_ez mac chica.png","C:\Users\omard\source\repos\RecepcionDocumental\RecepcionDocumental\tools\DocumentAiProbe\experiments\H1D9B\assets\131E45D3DC803E82CB78E212E95C4E289E840BF38F309CC9E631F8D3F0668D7B.png","500","360","SYSTEM_DRAWING_EXIF_ORIENTED_PNG_NO_CROP",""
"398257AA42671A521BDE2ED73A1695CCE3819975D25652CA5F06383773E842EE","publicidad-guia","NO_DOCUMENTO","NO_FACTURA","IMAGE","C:\Users\omard\source\repos\RecepcionDocumental\RecepcionDocumental\tools\DocumentAiProbe\Corpus\NO_DOCUMENTO\398257aa4267_G0027_1.jpg","C:\Users\omard\source\repos\RecepcionDocumental\RecepcionDocumental\tools\DocumentAiProbe\experiments\H1D9B\assets\398257AA42671A521BDE2ED73A1695CCE3819975D25652CA5F06383773E842EE.png","2000","1300","SYSTEM_DRAWING_EXIF_ORIENTED_PNG_NO_CROP",""
"5EAC3DD7134262EC7667AFFD27336A78CCB94C616157B186FF964556F9635BB7","publicidad-samsung-galaxy","NO_DOCUMENTO","NO_FACTURA","IMAGE","C:\Users\omard\source\repos\RecepcionDocumental\RecepcionDocumental\tools\DocumentAiProbe\Corpus\NO_DOCUMENTO\5eac3dd71342_I0001_Launch.png","C:\Users\omard\source\repos\RecepcionDocumental\RecepcionDocumental\tools\DocumentAiProbe\experiments\H1D9B\assets\5EAC3DD7134262EC7667AFFD27336A78CCB94C616157B186FF964556F9635BB7.png","650","8489","SYSTEM_DRAWING_EXIF_ORIENTED_PNG_NO_CROP",""
"DFB5D9B1FC4775F72C0526C008E7C7438380A66D13114E8C65F3FAC5F942FFA3","publicidad-websupergoo","NO_DOCUMENTO","NO_FACTURA","IMAGE","C:\Users\omard\source\repos\RecepcionDocumental\RecepcionDocumental\tools\DocumentAiProbe\Corpus\NO_DOCUMENTO\dfb5d9b1fc47_G0018_inline-1.jpg","C:\Users\omard\source\repos\RecepcionDocumental\RecepcionDocumental\tools\DocumentAiProbe\experiments\H1D9B\assets\DFB5D9B1FC4775F72C0526C008E7C7438380A66D13114E8C65F3FAC5F942FFA3.png","600","255","SYSTEM_DRAWING_EXIF_ORIENTED_PNG_NO_CROP",""
"2CDC2802080A93C44CC6959AF2AC254546F4652B24A22C9B75546BEDFDB0A3EA","credencial","OTRO_DOCUMENTO","NO_FACTURA","PDF","C:\Users\omard\source\repos\RecepcionDocumental\RecepcionDocumental\tools\DocumentAiProbe\Corpus\OTRO_DOCUMENTO\2cdc2802080a_Credencial_23175875379 (202509) (1)_5b2f530cb3de.pdf","C:\Users\omard\source\repos\RecepcionDocumental\RecepcionDocumental\tools\DocumentAiProbe\experiments\H1D9B\assets\2CDC2802080A93C44CC6959AF2AC254546F4652B24A22C9B75546BEDFDB0A3EA.png","2479","3508","PDFTOIMAGE_FIRST_PAGE_300_DPI_NO_CROP","300"
"999FBF2C511BEF61577E45BE48F034B1AABDC5692AEB747159BD61CF408F6BB4","orden-compra","OTRO_DOCUMENTO","NO_FACTURA","PDF","C:\Users\omard\source\repos\RecepcionDocumental\RecepcionDocumental\tools\DocumentAiProbe\Corpus\OTRO_DOCUMENTO\999fbf2c511b_Orden de Compra_999fbf2c511b.pdf","C:\Users\omard\source\repos\RecepcionDocumental\RecepcionDocumental\tools\DocumentAiProbe\experiments\H1D9B\assets\999FBF2C511BEF61577E45BE48F034B1AABDC5692AEB747159BD61CF408F6BB4.png","2480","3507","PDFTOIMAGE_FIRST_PAGE_300_DPI_NO_CROP","300"
"7D6906456FD818CCF677B46E7E09A4F9EE6932CEE5AF8FED0DC9CD4D2D7EEE75","otro-aviso-cheque-rechazado-banco-patagonia","OTRO_DOCUMENTO","NO_FACTURA","IMAGE","C:\Users\omard\source\repos\RecepcionDocumental\RecepcionDocumental\tools\DocumentAiProbe\Corpus\OTRO_DOCUMENTO\7d6906456fd8_G0022_IMG_1238.jpg","C:\Users\omard\source\repos\RecepcionDocumental\RecepcionDocumental\tools\DocumentAiProbe\experiments\H1D9B\assets\7D6906456FD818CCF677B46E7E09A4F9EE6932CEE5AF8FED0DC9CD4D2D7EEE75.png","1576","2100","SYSTEM_DRAWING_EXIF_ORIENTED_PNG_NO_CROP",""
"AD4F901A339BA7D979DDC8D72FDF48CF5AEA068CE8B78E0A68DB02659CBB784D","otro-aviso-cheque-rechazado-banco-patagonia","OTRO_DOCUMENTO","NO_FACTURA","IMAGE","C:\Users\omard\source\repos\RecepcionDocumental\RecepcionDocumental\tools\DocumentAiProbe\Corpus\OTRO_DOCUMENTO\ad4f901a339b_G0019_image005.png","C:\Users\omard\source\repos\RecepcionDocumental\RecepcionDocumental\tools\DocumentAiProbe\experiments\H1D9B\assets\AD4F901A339BA7D979DDC8D72FDF48CF5AEA068CE8B78E0A68DB02659CBB784D.png","813","639","SYSTEM_DRAWING_EXIF_ORIENTED_PNG_NO_CROP",""
"DA7DB06022306B8142F9D0179BDE36BFE71E64CEC4A2D7E10FCCE5D2FDBC7C97","otro-aviso-cheque-rechazado-banco-patagonia","OTRO_DOCUMENTO","NO_FACTURA","IMAGE","C:\Users\omard\source\repos\RecepcionDocumental\RecepcionDocumental\tools\DocumentAiProbe\Corpus\OTRO_DOCUMENTO\da7db0602230_G0023_IMG_1239.jpg","C:\Users\omard\source\repos\RecepcionDocumental\RecepcionDocumental\tools\DocumentAiProbe\experiments\H1D9B\assets\DA7DB06022306B8142F9D0179BDE36BFE71E64CEC4A2D7E10FCCE5D2FDBC7C97.png","4284","5712","SYSTEM_DRAWING_EXIF_ORIENTED_PNG_NO_CROP",""
"3E354C1E6A7CB85C4D523AC1B7741EC6E1D498440C0B1FFF531DD3B50320AB78","otro-captura-monotributo-pago","OTRO_DOCUMENTO","NO_FACTURA","IMAGE","C:\Users\omard\source\repos\RecepcionDocumental\RecepcionDocumental\tools\DocumentAiProbe\Corpus\OTRO_DOCUMENTO\3e354c1e6a7c_I0031_image.png","C:\Users\omard\source\repos\RecepcionDocumental\RecepcionDocumental\tools\DocumentAiProbe\experiments\H1D9B\assets\3E354C1E6A7CB85C4D523AC1B7741EC6E1D498440C0B1FFF531DD3B50320AB78.png","720","1600","SYSTEM_DRAWING_EXIF_ORIENTED_PNG_NO_CROP",""
"50D0A84325CDCF665E473A3E3D0F62F86079E2DCFEF4AE4E4BE0D2A776C0AF97","otro-captura-ticket-acceso","OTRO_DOCUMENTO","NO_FACTURA","IMAGE","C:\Users\omard\source\repos\RecepcionDocumental\RecepcionDocumental\tools\DocumentAiProbe\Corpus\OTRO_DOCUMENTO\50d0a84325cd_G0008_image003.png","C:\Users\omard\source\repos\RecepcionDocumental\RecepcionDocumental\tools\DocumentAiProbe\experiments\H1D9B\assets\50D0A84325CDCF665E473A3E3D0F62F86079E2DCFEF4AE4E4BE0D2A776C0AF97.png","1036","625","SYSTEM_DRAWING_EXIF_ORIENTED_PNG_NO_CROP",""
"02523B356AEC13D925C44F336DDAABE81215EE01EE8BCBDEBFC6714A37D55A28","otro-confirmacion-compra-web","OTRO_DOCUMENTO","NO_FACTURA","IMAGE","C:\Users\omard\source\repos\RecepcionDocumental\RecepcionDocumental\tools\DocumentAiProbe\Corpus\OTRO_DOCUMENTO\02523b356aec_I0154_Sillon.png","C:\Users\omard\source\repos\RecepcionDocumental\RecepcionDocumental\tools\DocumentAiProbe\experiments\H1D9B\assets\02523B356AEC13D925C44F336DDAABE81215EE01EE8BCBDEBFC6714A37D55A28.png","1280","1024","SYSTEM_DRAWING_EXIF_ORIENTED_PNG_NO_CROP",""
"AF9E13927BD6123DA16DE0369AA7435A2892D4D71E8A0B3863F85C6A5E30455A","otro-correo-reenvio-factura","OTRO_DOCUMENTO","NO_FACTURA","PDF","C:\Users\omard\source\repos\RecepcionDocumental\RecepcionDocumental\tools\DocumentAiProbe\Corpus\OTRO_DOCUMENTO\af9e13927bd6_Z001023242882.pdf","C:\Users\omard\source\repos\RecepcionDocumental\RecepcionDocumental\tools\DocumentAiProbe\experiments\H1D9B\assets\AF9E13927BD6123DA16DE0369AA7435A2892D4D71E8A0B3863F85C6A5E30455A.png","2480","3508","PDFTOIMAGE_FIRST_PAGE_300_DPI_NO_CROP","300"
"70943A213A862A315DB451BAFBADDBFE5C0E45D694BF40FD8E5430FF47A032BA","otro-impuesto-inmobiliario-rawson","OTRO_DOCUMENTO","NO_FACTURA","PDF","C:\Users\omard\source\repos\RecepcionDocumental\RecepcionDocumental\tools\DocumentAiProbe\Corpus\OTRO_DOCUMENTO\70943a213a86_Z001023242889.pdf","C:\Users\omard\source\repos\RecepcionDocumental\RecepcionDocumental\tools\DocumentAiProbe\experiments\H1D9B\assets\70943A213A862A315DB451BAFBADDBFE5C0E45D694BF40FD8E5430FF47A032BA.png","3541","4875","PDFTOIMAGE_FIRST_PAGE_300_DPI_NO_CROP","300"
"28FCC8808B0DEE25A850B6F4C5063E17FB94B3CB194917E84422E9F2A8C111A5","otro-instruccion-transferencia-banco-patagonia","OTRO_DOCUMENTO","NO_FACTURA","PDF","C:\Users\omard\source\repos\RecepcionDocumental\RecepcionDocumental\tools\DocumentAiProbe\Corpus\OTRO_DOCUMENTO\28fcc8808b0d_Z001023243169.pdf","C:\Users\omard\source\repos\RecepcionDocumental\RecepcionDocumental\tools\DocumentAiProbe\experiments\H1D9B\assets\28FCC8808B0DEE25A850B6F4C5063E17FB94B3CB194917E84422E9F2A8C111A5.png","2479","3508","PDFTOIMAGE_FIRST_PAGE_300_DPI_NO_CROP","300"
"CA4B144974CDD331E904D3646E7F74FDAE6502B6CCDA4A0B4845C2FA9E2F6DB8","otro-instruccion-transferencia-banco-patagonia","OTRO_DOCUMENTO","NO_FACTURA","PDF","C:\Users\omard\source\repos\RecepcionDocumental\RecepcionDocumental\tools\DocumentAiProbe\Corpus\OTRO_DOCUMENTO\ca4b144974cd_Z001023243171.pdf","C:\Users\omard\source\repos\RecepcionDocumental\RecepcionDocumental\tools\DocumentAiProbe\experiments\H1D9B\assets\CA4B144974CDD331E904D3646E7F74FDAE6502B6CCDA4A0B4845C2FA9E2F6DB8.png","2479","3508","PDFTOIMAGE_FIRST_PAGE_300_DPI_NO_CROP","300"
"40D282AFE8457677E743468F7D7EDAAA8FEEDB38D7458D01304953DA8E2E5BE4","otro-liquidaciones-comercios-banco-patagonia","OTRO_DOCUMENTO","NO_FACTURA","IMAGE","C:\Users\omard\source\repos\RecepcionDocumental\RecepcionDocumental\tools\DocumentAiProbe\Corpus\OTRO_DOCUMENTO\40d282afe845_I0122_image017.png","C:\Users\omard\source\repos\RecepcionDocumental\RecepcionDocumental\tools\DocumentAiProbe\experiments\H1D9B\assets\40D282AFE8457677E743468F7D7EDAAA8FEEDB38D7458D01304953DA8E2E5BE4.png","790","440","SYSTEM_DRAWING_EXIF_ORIENTED_PNG_NO_CROP",""
"675F30D09450E3C2A33AD99C4DC69C108D812EF861FD47858519F8A9913464E3","otro-liquidaciones-comercios-banco-patagonia","OTRO_DOCUMENTO","NO_FACTURA","IMAGE","C:\Users\omard\source\repos\RecepcionDocumental\RecepcionDocumental\tools\DocumentAiProbe\Corpus\OTRO_DOCUMENTO\675f30d09450_I0118_image013.png","C:\Users\omard\source\repos\RecepcionDocumental\RecepcionDocumental\tools\DocumentAiProbe\experiments\H1D9B\assets\675F30D09450E3C2A33AD99C4DC69C108D812EF861FD47858519F8A9913464E3.png","797","399","SYSTEM_DRAWING_EXIF_ORIENTED_PNG_NO_CROP",""
"9B103DB594C0BEE038C97560216C9623601B0050584D5946910513AC662DCE6F","otro-liquidaciones-comercios-banco-patagonia","OTRO_DOCUMENTO","NO_FACTURA","IMAGE","C:\Users\omard\source\repos\RecepcionDocumental\RecepcionDocumental\tools\DocumentAiProbe\Corpus\OTRO_DOCUMENTO\9b103db594c0_I0107_image003.png","C:\Users\omard\source\repos\RecepcionDocumental\RecepcionDocumental\tools\DocumentAiProbe\experiments\H1D9B\assets\9B103DB594C0BEE038C97560216C9623601B0050584D5946910513AC662DCE6F.png","820","509","SYSTEM_DRAWING_EXIF_ORIENTED_PNG_NO_CROP",""
"6DB7AD704B49BFC71197B65C40C94E926183B498F4CFEB7553FAE26B2BC534A3","otro-nota-credito-electronica-edi-00002-00000001","OTRO_DOCUMENTO","NO_FACTURA","PDF","C:\Users\omard\source\repos\RecepcionDocumental\RecepcionDocumental\tools\DocumentAiProbe\Corpus\OTRO_DOCUMENTO\6db7ad704b49_NC_00002_00000001_af0c85980129.pdf","C:\Users\omard\source\repos\RecepcionDocumental\RecepcionDocumental\tools\DocumentAiProbe\experiments\H1D9B\assets\6DB7AD704B49BFC71197B65C40C94E926183B498F4CFEB7553FAE26B2BC534A3.png","2479","3508","PDFTOIMAGE_FIRST_PAGE_300_DPI_NO_CROP","300"
"1C4DB25AAC0A169B26D121DF0992AB546E8D487A74FD1E45FDEF3490F3708601","otro-nota-credito-fiel","OTRO_DOCUMENTO","NO_FACTURA","PDF","C:\Users\omard\source\repos\RecepcionDocumental\RecepcionDocumental\tools\DocumentAiProbe\Corpus\OTRO_DOCUMENTO\1c4db25aac0a_Z001023243325.pdf","C:\Users\omard\source\repos\RecepcionDocumental\RecepcionDocumental\tools\DocumentAiProbe\experiments\H1D9B\assets\1C4DB25AAC0A169B26D121DF0992AB546E8D487A74FD1E45FDEF3490F3708601.png","2479","3504","PDFTOIMAGE_FIRST_PAGE_300_DPI_NO_CROP","300"
"382662294B57C459DB9F1231FE0503A77176D130F8EA1BFB709132C3115F1A49","otro-recibo-c","OTRO_DOCUMENTO","NO_FACTURA","PDF","C:\Users\omard\source\repos\RecepcionDocumental\RecepcionDocumental\tools\DocumentAiProbe\Corpus\OTRO_DOCUMENTO\382662294b57_Z001023243380.pdf","C:\Users\omard\source\repos\RecepcionDocumental\RecepcionDocumental\tools\DocumentAiProbe\experiments\H1D9B\assets\382662294B57C459DB9F1231FE0503A77176D130F8EA1BFB709132C3115F1A49.png","2479","3508","PDFTOIMAGE_FIRST_PAGE_300_DPI_NO_CROP","300"
"4C4A524F6C4F42DB654184D20C435FAAFCACA3F08AE9CF313F55ED571DDEAFE3","otro-resumen-costo-trayecto-cabify","OTRO_DOCUMENTO","NO_FACTURA","PDF","C:\Users\omard\source\repos\RecepcionDocumental\RecepcionDocumental\tools\DocumentAiProbe\Corpus\OTRO_DOCUMENTO\4c4a524f6c4f_H0022_cabify-sale-ARG25JS1386194.pdf","C:\Users\omard\source\repos\RecepcionDocumental\RecepcionDocumental\tools\DocumentAiProbe\experiments\H1D9B\assets\4C4A524F6C4F42DB654184D20C435FAAFCACA3F08AE9CF313F55ED571DDEAFE3.png","1240","1748","PDFTOIMAGE_FIRST_PAGE_300_DPI_NO_CROP","300"
"D86F134415A04E0606A287E30878EC7914E9DF74B3B4C92B1EF28FD94B366E94","otro-resumen-costo-trayecto-cabify","OTRO_DOCUMENTO","NO_FACTURA","PDF","C:\Users\omard\source\repos\RecepcionDocumental\RecepcionDocumental\tools\DocumentAiProbe\Corpus\OTRO_DOCUMENTO\d86f134415a0_H0020_cabify-sale-ARG25JS1394537.pdf","C:\Users\omard\source\repos\RecepcionDocumental\RecepcionDocumental\tools\DocumentAiProbe\experiments\H1D9B\assets\D86F134415A04E0606A287E30878EC7914E9DF74B3B4C92B1EF28FD94B366E94.png","1240","1748","PDFTOIMAGE_FIRST_PAGE_300_DPI_NO_CROP","300"
"4CB36B9488EDCAA6B27FEF1B0A3524525E14E115CF2045F118B032995E653587","otro-resumen-operaciones-banco-comafi","OTRO_DOCUMENTO","NO_FACTURA","PDF","C:\Users\omard\source\repos\RecepcionDocumental\RecepcionDocumental\tools\DocumentAiProbe\Corpus\OTRO_DOCUMENTO\4cb36b9488ed_746omar-silverii_edi-sa-comRESDIA201620261635_4cb36b9488ed.pdf","C:\Users\omard\source\repos\RecepcionDocumental\RecepcionDocumental\tools\DocumentAiProbe\experiments\H1D9B\assets\4CB36B9488EDCAA6B27FEF1B0A3524525E14E115CF2045F118B032995E653587.png","2550","3299","PDFTOIMAGE_FIRST_PAGE_300_DPI_NO_CROP","300"
"720D554E1CE7B5F36A27E8EB9E0C446EDD580DD15E0AAB7C46E8EB12BE170C51","otro-resumen-operaciones-banco-comafi","OTRO_DOCUMENTO","NO_FACTURA","PDF","C:\Users\omard\source\repos\RecepcionDocumental\RecepcionDocumental\tools\DocumentAiProbe\Corpus\OTRO_DOCUMENTO\720d554e1ce7_H0001_676omar-silverii_edi-sa-comRESDIA281820251842.pdf","C:\Users\omard\source\repos\RecepcionDocumental\RecepcionDocumental\tools\DocumentAiProbe\experiments\H1D9B\assets\720D554E1CE7B5F36A27E8EB9E0C446EDD580DD15E0AAB7C46E8EB12BE170C51.png","2550","3299","PDFTOIMAGE_FIRST_PAGE_300_DPI_NO_CROP","300"
"83C37B5C6E92C9515F9456960E62208CEF94E5985871436E4E5464233C0EA6A0","otro-resumen-tarjeta-visa","OTRO_DOCUMENTO","NO_FACTURA","IMAGE","C:\Users\omard\source\repos\RecepcionDocumental\RecepcionDocumental\tools\DocumentAiProbe\Corpus\OTRO_DOCUMENTO\83c37b5c6e92_G0017_image003.png","C:\Users\omard\source\repos\RecepcionDocumental\RecepcionDocumental\tools\DocumentAiProbe\experiments\H1D9B\assets\83C37B5C6E92C9515F9456960E62208CEF94E5985871436E4E5464233C0EA6A0.png","870","374","SYSTEM_DRAWING_EXIF_ORIENTED_PNG_NO_CROP",""
"35784F288939B0D8F196CB8646314FE710549A870D08E33C8E974D21EABBA0D1","otro-ticket-servicio-cold","OTRO_DOCUMENTO","NO_FACTURA","IMAGE","C:\Users\omard\source\repos\RecepcionDocumental\RecepcionDocumental\tools\DocumentAiProbe\Corpus\OTRO_DOCUMENTO\35784f288939_I0021_image004.png","C:\Users\omard\source\repos\RecepcionDocumental\RecepcionDocumental\tools\DocumentAiProbe\experiments\H1D9B\assets\35784F288939B0D8F196CB8646314FE710549A870D08E33C8E974D21EABBA0D1.png","1138","576","SYSTEM_DRAWING_EXIF_ORIENTED_PNG_NO_CROP",""
