Sha256,Cohort,GroupId,SourceWidth,SourceHeight,SourceRgbSha256,TargetRgbSha256,TensorSha256,PNoFactura,PFactura,Pred050,Zona
73938D63A261576FFEB30B2C0E33DBE085B1C870F5DFA41FB6DE596F57A839D8,DEVELOPMENT,factura-avon-a-impresa,2479,3508,6A37ECCFA712EFC6DE79DB06A398A70A3BC9FCB684C8E167933696BC84D22AA6,D637123011934E47E31B6B0E633E0BCF74482B69A1ED6B29EBAA93D56129FA97,A6E19709177481DE290B0E65B7C65D2446EB2348017F9DDB9B714797DF67296E,0.150459051,0.849540949,FACTURA,FACTURA_FUERTE
94A5BB490143CEE934380D4FEB4659ABE2DD005FCE09BA87046839EC01B9A049,DEVELOPMENT,factura-avon-a-impresa,3000,4000,280D88BD44C623FE68967C4306BABBB117E0195BACC21E14F6A9E5717F8EDFD0,C5CB5969667E39A7F3A062BB75991684E67F0D38A53D2274E1DAD879AC2BE327,D785765D611A69EAE5F8506D4B71C2AF5A7CDF6E9958C7EA608DCC219EA4ECDE,0.451547086,0.548452914,FACTURA,INCIERTO_VISUAL
34E7190B10DE1060A821BA5B262D16CF469116C53FAA10A487AE71EDA02DE220,DEVELOPMENT,factura-familia-aquavita,2550,3299,7F1CD968E4F9A100B9657C6CCEA8DCAAC56D55FC5BBCCC788D9192A27373AE25,B6D6E030EDDFC47D83CE524B6070D6C7A4709A96D6D425BFD9A52EAA6CAA11B3,79743B3DBC73DF3D3C18DED9063BFD4DC2DAE61C513F12E229766A8F2B633472,0.202812806,0.797187209,FACTURA,INCIERTO_VISUAL
83E0306FF5707DBDEBFC9AD88A3634DF1D24B33FAA5A733B74A629090F74A53D,DEVELOPMENT,factura-familia-aquavita,2480,3507,019ACA5F93C3601F28856421C09DAC562BD319BA557C2558D597436118149478,4ACBC7F845F8FED8C9C82ADDDFA85AB293FFF7D541AB301D6B35ADB670D4C691,2A95A7B02FE07B7C125DC2BE08581A9C8AF3E2DAF0C9A3BB09688FDF678DB01D,0.283829570,0.716170430,FACTURA,INCIERTO_VISUAL
030126CE7D614353FF03F90C126B6D2C3746D913B36523810DF4F1B51326D882,DEVELOPMENT,factura-familia-arca-fce-standard,2479,3508,C038E675F9D482B8DF07BFD134C940D71F7884BE2F8582063A4F7225A85BE4FB,93801DC87F3C0228E049E6BD6362CD7E63C6AAC7B499021F6F030452C46530A7,B4AC9BD6F923B2B292E78AA4395FB658BCE150398C8A25F1CB4118DF25547B3E,0.282537907,0.717462122,FACTURA,INCIERTO_VISUAL
53531D26119A3A91D8160D16D8081238C94A83B00EADEEECB6BED96F35C0D21F,DEVELOPMENT,factura-familia-arca-fce-standard,2479,3508,DFDB7C4419B9DBCEFBEAE94C05B2CBA862D5E8DFEBF2F72C35E00BB717AFC27C,412C7D80109BCDF8E300028049E1AC9575E1155050A1A44EAA2D3156B72B829C,927F4A597C12095E7C477636CE4ABA4C7A24CC818DB11880BBC0577CA76E5880,0.180956468,0.819043577,FACTURA,FACTURA_FUERTE
92914214759A1969F8F6DA6FC3EAF436EEC02704E5B3141C282C9D183B15D2BC,DEVELOPMENT,factura-familia-arca-fce-standard,2479,3508,9732160213589D6AA7F335E96B24292C6D8AC7A4982EB5AA633BDB7ADD7C9D00,87A0BD01D97286BAE6FB5EE0F4830FB14B7248B05A529E48DE21B0D5048234BB,B01F93EEA27D34DBC1159267548973461DD5BCE5101FDA1FAF0BDBFF21F319F6,0.284824312,0.715175688,FACTURA,INCIERTO_VISUAL
963E9941D8D3A90BDACCFDDA949B7EEDD535A2ED456FA063B67893EC4D759786,DEVELOPMENT,factura-familia-arca-fce-standard,2479,3508,8855D66C9481F1F9804BE4C070948F139CC45DE5D48C7ABD5F631FD386EF34A2,42AA2E56234450616EDF7E79A8C803FC3A84BDE194927D1D4998F5528D1A0862,A5103BE091FFAE947CE7AA2E97F155D505A66CC030A156B73D17841AA749BA5C,0.229602516,0.770397484,FACTURA,INCIERTO_VISUAL
C2C93818726DAC52E58536C78525B62A417DEC82F9491E4941E8AEE2CFA42B42,DEVELOPMENT,factura-familia-arca-fce-standard,2479,3508,E656DBCBA75A9617F9D5FC489586740EE9C1E387E22102C263721EA0E888163A,E48871D7A464F2E17D6AC2EB397F737C24F2A032717B25E61EB985C8EB3E3EA5,894753A8237F5B5BF8EDDAC16BD29C0049FDF5E0B1E5D520E26D3F54CB1ECB09,0.319543242,0.680456758,FACTURA,INCIERTO_VISUAL
E8066B5FA877947A47862B566C3A752FD1BA514973CD2B01A7AD31803BBDD28B,DEVELOPMENT,factura-familia-ascensores-orem,2550,4200,C24675FB1F92DEA3FB9B36766647C7E2945D60645166D15D2592807B4786AAA6,94852D4A7CAE5D4B92019FFBB36A447A174902ACE3ADB4DB64E418A0652DDCDB,FCF3F6FCF708238BAF876E8E9DD6AB63B2070878F249EC8FDAE8E51D8C6C5049,0.196720883,0.803279161,FACTURA,FACTURA_FUERTE
2D43B3648B73EFBB36772933B8ED7CE0CD779C0945E776A136EC6123FA5D5551,DEVELOPMENT,factura-familia-branding-merchandising,2479,3504,38BB75C88BFF071B96D53D4341401AC2FE431A41559B12987CA5B7D4DB897DB7,AEBB6FFC0D5F6E613AD557CC0B9B7880CC860F20F10E4F2A754635803CA0905D,9802BFEBB4A9E7CA87AC058C756ABD4E9B98FEECB5ADEEE982059AE2D4FA25E7,0.177693233,0.822306752,FACTURA,FACTURA_FUERTE
B4C8FA3786E8BA119F3C5F40F1BF5868D7591D0E865FF2AF84F7235674F33C88,DEVELOPMENT,factura-familia-condominio-pdi,2480,3507,FB4814B03720DE3C7A1D171AFFB591DBAF669DDA16E46F43FE85ED790F89DC59,ED453E1F19588232894975042E93EF140F9277E4DFADF8E47FB2E00D0D88228C,E3A60201B5886BC6011A43B71B3DE0E849DB30F7CCA6EFE0992F0AB854ECAAF4,0.165303513,0.834696472,FACTURA,FACTURA_FUERTE
D0998159322E7036852951E3B6BB4631E0A5EF21ADFC0DFC39679D4F410C959F,DEVELOPMENT,factura-familia-condominio-pdi,2480,3507,5A87C1F665DED2D0D2500106DA7F19616E3EA9F763839A4C773A651348FBD28B,C896728D8DEECCE6FDA1220A843ABBFF99DFF7D39881875F506241B88C1601BA,073E254097AF5FB529B9DF620198E63CE03A81B1C995FC7945C33B0671BB531C,0.165643498,0.834356546,FACTURA,FACTURA_FUERTE
B7004863AED55E481D4397435BD5B06CEA6180397E1059883D51F5D066F1147F,DEVELOPMENT,factura-familia-excell,2479,3508,26050272B15F048F71BA8D1E062595A69BE81F44789197B78A9DC54B327BDA66,837604E4929926883EABA3C2803D8184EB6C4DB2B672EB06E8FC06A65C25795D,F7780824DFB62B2A179FC94BA4C820DB56E91E3DB2240D0119726FD1E0DB0BDE,0.051052522,0.948947430,FACTURA,FACTURA_FUERTE
C177CD77BAA5F5587D302FDCC9F5615424F6BCED6057AA300113D6E3A600DC02,DEVELOPMENT,factura-familia-inmuebles-fce,2479,3508,6CBE8EE2CFCB2C3C24298300B9369B9D5B9D7BD761A5DE15783A047879254125,90747DCF2FD45ADA499AE5558593ACF895F1981439BBF4D3D539D94D86EE5D01,A968DC61BBBA0F969D053DB9141374994E48ECA919629BA73590ECB02E66B2DC,0.175512925,0.824487090,FACTURA,FACTURA_FUERTE
D165FB62E80F26847F1F00B1DBD7E949928E56EC5C2A0EDD2FE929E4ABD85CB0,DEVELOPMENT,factura-familia-manantial,2479,3508,7B67BFBAAC6F129C77618C22858C45D472729AE656243D7D2C8B74D984226581,4DB5218F4EF9C66D944D1C9192C6E367AAFD48E2310084C3F0CC9D2D91EC58EC,B9BDF96E93FB442DFA1F4D56F854DE9456331ACE2D890AC4BD344D9D7B327593,0.131567642,0.868432403,FACTURA,FACTURA_FUERTE
A75839AE32A6A29EBB6CF64EBE45427C346DFFE51E758D5F04D903FC28147D87,DEVELOPMENT,factura-familia-pediatrics,2480,3508,DE2BF5598685482D82ADC6B5CA3B6BE4BB3BC1BA38D0151B031F44483C879BA2,3A9A1030093EDAC5F377A45CF7F71CF7252A19E4C35E962D5A7E56B9D12ACD5C,1A56933055B4D594699D8BAF1A8EE2EF38D6453FE0C1C4E11C4EC8B81A0EABE5,0.256892651,0.743107378,FACTURA,INCIERTO_VISUAL
681D494D1EABD2B24BA13F9F99B3AC5F6D565688BB7368714C430C5395C5A868,DEVELOPMENT,factura-familia-servicios-inmobiliarios,2479,3508,2EDAFDF3F2DCA902639B2D906EDC097B8942D312C0A882C32AFA568155BC326F,367077A8ADCF3F50F693CE7D77578674645F68A592A7F2AD7EA641FEFE35CD5E,3326AF175B14A16FA17356DAEE1793941DE3EC14B3F5693F2DA8AD84745BCFE8,0.189105541,0.810894489,FACTURA,FACTURA_FUERTE
B68674F3B9393FDE895EBE47421061B41DCE664D2174AFA8C7904CD4324C5124,DEVELOPMENT,factura-familia-vitalis,2479,3504,05CEFC13DA465B067403A8349378584C28C880D9EA5FBFB12F5453EDB6DC9D2A,CB37617EB877E770F0C2C45346010FC8091565EA72754961CA46D6CCED884DAA,F8CE188362B0006E02B3FBA24B5C228F8CEC56E0E3A3876105C8187EDB839834,0.073157579,0.926842451,FACTURA,FACTURA_FUERTE
5E8DD1B162CD0DD53E297362595BB3BE6CF0D4A3AA3803D214C679FD4CBD69F1,DEVELOPMENT,factura-logistica-la-serenisima-zb2b,2480,3507,A7914DCF78079B34C9918DF16114F46072A7880168C30DE5343A4A5E93264A1D,3C2BAA814B8E14D32DD7FE2CE0CDC9E31FA2DBC976FBCB5F7E7B95984C9251D4,4110D2EB988DBB13DA2BFF00A4A84FA5A0522F4C9FAD922059679C156E10598B,0.135361582,0.864638448,FACTURA,FACTURA_FUERTE
8F6CD87791DE515777752DAA95C010EB45B43DFD9348A6AD6110D4325615EA00,DEVELOPMENT,alertas-infraestructura-srvedms,743,259,4BD018FA707C2DC29ADD05A245BF54AAC7FE79A24D0EC62B4B47B1E23B315FC3,2A6925103807D9AF18B40FD7DC620F8E6A8ED981A5ECA29CB3B2948AB70D1DFD,24F3E42F6EE1C9A5ACB5CD97D76D361993F40CDE28E9234C0E59A2A20AE0F80B,0.832473218,0.167526811,NO_FACTURA,INCIERTO_VISUAL
0A580FEA09DEB190DE1B8FCECAECE18D82D97ED106F75509B1CAFE5475D16253,DEVELOPMENT,branding-avon-natura,270,109,8A28FC18CDA9376D79779246B59555E10716F52898466B1FBBB0C01CD717C1CB,DB92DF12389479F358A0FC273EED242036A0913585FE2AAB517B449AF5FD31AC,410C237EB37280C16C53BBDA8917252EC05DB3A084536031E7465C0041A876FD,0.907045782,0.092954189,NO_FACTURA,NO_FACTURA_FUERTE
4AA692A94759E1F431C7F170D7194BD10D99DC221BB5B63BD9A9654AA70A7515,DEVELOPMENT,branding-bunge,144,38,266587C1627D23FE5722B42BAE4F01C89473708C65BAAE65669F3E983DF51DE3,B879E7ECF4D56A2EA4124F2B3F8DCFB11C4C04E567C1D70033C43B0A5E0E90E2,B5EB95659D1047DB072FE5A90FD3F6ECFA30ECD7835135F986628F3BD3721503,0.986813307,0.013186660,NO_FACTURA,NO_FACTURA_FUERTE
CEBD403817596F810B3BB9DCECB123713E7BC8788B8B6DDD32DF87CEED97D03A,DEVELOPMENT,branding-correo-argentino,130,35,319FB6CD0505B31054197BF0977C8F8EAD85A6D7E4C184F0DD71BEB3DD64BC6E,51792F1D3AAA79EC769AA2613CC9572F1938BDD4030A23377633CAB50BCDA724,0373F8DE96BEF8EAB9BE0387A1528134E1FE60495F813F2B637C311E6A973652,0.903969646,0.096030332,NO_FACTURA,NO_FACTURA_FUERTE
2AF9DE4CAF9BB15F857FAE3B9E6DFEEDD831219A156B978E43FF62BC315266C6,DEVELOPMENT,branding-meteomatics,200,72,A584855A7E43830855D758CD60693877FF207005054F30B3378B8555B9BD434B,E89218B4D7843634D82BD1167732FB9AB02D3AFAC351EE545E43A1432D83D92C,D8392852A78AFD4E77AB5F054B71FA8E48EB16CAAEC7123035EF62843CA71A61,0.977506638,0.022493348,NO_FACTURA,NO_FACTURA_FUERTE
72047867C7642F6358837C0F9867C83F915A29366A6B64C6508DCE8FEB356E85,DEVELOPMENT,branding-personal,293,80,C13AD088FD395443EA180C8746164F108AF7C3197F3067973E10059412963815,67BB03D77ACA1AF31D483B78742B1BBC2B4709F82EC802202877CBE3294D612C,23D0BF8646C1B16FC31DB6F9F209D8533DE4306469FAB0FEE09DF9E77D436ABC,0.956530154,0.043469813,NO_FACTURA,NO_FACTURA_FUERTE
A881A4460A42E2C5B06E833B3B6B6A7EE43EC358EDBDB48C3B3BD7B7F6643710,DEVELOPMENT,branding-renaper,98,116,E70FCEA36693C287E5E496E99A6CCD9010E9FE096DF777E8A81C579F25395581,F7F56D1CE7F0586D46C742CD8A758E4B6EB915C658E2D1E1D7327F6E38421032,D7265ED38C631400F0A7025ADDB7381D123D237DFDDBC284C162797D883BF9D7,0.917516172,0.082483858,NO_FACTURA,NO_FACTURA_FUERTE
09FA512D0268E721B912C8D816EB01D29B16E440ADDC96B967A462DAAAF784DA,DEVELOPMENT,capturas-error-edms,923,675,BA05866A27B6BB638017E209602BF46A84A786F8CF581449A5C89CC9967A2BDC,D7CCC88FAA457B829707A887C833FF9FE03D064FAA022F70877CE76BAE4C241B,4426989DC26861F922FFBC975156774C4AA637E2B045135B3891888E073DBDC2,0.945701838,0.054298099,NO_FACTURA,NO_FACTURA_FUERTE
31089A698A1E82394B3667FE64BAF03D2A775892EF73B04FB9C439A916E5CC2A,DEVELOPMENT,capturas-sistema-posicion-consolidada,1920,1008,160AB6314CDABA57120E2203DD5C840E64307C2F515D735E19965257BF3058F1,92DFF3CAEC02EF70ABAC3867BE62FCDBC685D2C7A62739F1390657D7C2AEFB95,ED7CF4C819D4936136BAE01D4D215EAD096B6BEB3CFD4D95281C9692284B3BD2,0.783160090,0.216839865,NO_FACTURA,INCIERTO_VISUAL
3542D120B3139DB932D4DFB7A8D23F072F1FFBEBD924C55AB6494B68851BD418,DEVELOPMENT,capturas-sistema-posicion-consolidada,1165,481,A7AF44B00751F4CBA06538F9BC38E99B2DCAE6A18789F6A4FD2B9113B6C3A1D1,5474BE8E5E5818878502D496E9C405104BA25D3C150CA6F3351F3B5250758B87,C832F7691409A6835B138BCCDF38BC898181871981192BEF809DCA62EFCB62AB,0.959853590,0.040146403,NO_FACTURA,NO_FACTURA_FUERTE
C5DAB04B2642976192FF1B496476C165AAEC82A85C775945E07D2580E0C99279,DEVELOPMENT,capturas-sistema-posicion-consolidada,971,443,32AA97A9AE8C59F2DBE047D82D1CF0E902A9212E97F9E50DF1B2A3B41B140DF7,140B009C83E191BE363F9E1008E644E412CF7D5A4EBF2629C97AA227BB42E629,43E6026984A24493BBC439AF688984A42A98125E46FAEABEAE408D1636586C72,0.920677364,0.079322644,NO_FACTURA,NO_FACTURA_FUERTE
645D7CE914A8E04CD643296A64581A6DE08FB07730F4CC96646A93AFE83EE991,DEVELOPMENT,correo-boleta-lanus,1242,130,840E683F45BBF38D326DBB9D669934CD85F6A600A29A7DF7847689F7A93C7BC4,E04855094DB8DA259FE2B1224C5B43C1DF70372B499F45CD5B03E18A35F40F0F,8E67B0A59A2443AB9C9097FE27396C845C2B194DCA761B91BA415F9E8EB71F25,0.795623422,0.204376608,NO_FACTURA,INCIERTO_VISUAL
9A641C4729F3EF559F7A6D5A621453270D66916A84727E1556C4FB7525EFABC7,DEVELOPMENT,correo-boleta-lanus,1242,1622,4FB1F974AE0A6A0010EBFCA3A6DDD2D09BEF246D2E4572219DC69E3F4BA1839E,011321E574C3D5B9FA8E8E0EA0D42D598CE221EC8D5535AFB13E3E97322F5988,EBCAB631202EB85C6D7B539E3EAF1A389CA9EA9728A57C6F027650059B027950,0.734565794,0.265434116,NO_FACTURA,INCIERTO_VISUAL
BE8E9456C6B3CD399C535A48BB397D4BF7C91D9CBDC212D5438373DDEFD4B5B5,DEVELOPMENT,error-impresion-xerox,3000,4000,8F94876B597BF1C8DFADF36C206F9F66A85558A6E4DECC08C7B8B2F687D2DBA3,5053609C898BB80794B89ADB367FD7C550AA90905F1788DAAD90B4056376B3C8,4AA5CE8EBBD78EBC667C066573F5B3055B0D77E74CEDC69E2CDE8E4B19D5D140,0.861371338,0.138628691,NO_FACTURA,INCIERTO_VISUAL
94F6E14058C816126DE54ADD5ABC33BE7B27923DDB132FBC9590101D1E82C8D7,DEVELOPMENT,firma-banco,385,126,3C85434C1E7D8B0087FF214CE23B4C369591978E69E9450B51570F8BD059633C,5DEEFFEF8CC708052A87FF8639E250B526CBCF0A6F3C4B1535C8C3EEE141E4EF,3D4E7D369C6055ECF613B187BE810C135456B18E1893E7D0B8063EDC44C06617,0.971531272,0.028468750,NO_FACTURA,NO_FACTURA_FUERTE
0814C60BD510A3E30D86D313B0DDDB0CB088B987E781388B1C942943A13D554E,DEVELOPMENT,firma-deloitte,156,30,A71696D0216CED150FCF2C2986A7036001A6EA6613C54C94561D0D6AFEC3AD68,4ABFF94C8E718D3EE8295F8E5A483CB5CD63DBF49BD213AC96E1462E2AFFAF8F,02DAF56A42614DB3C73E0C9F7ED5647CCB9F44087AF73B9E56AD23F88DE9934F,0.887514889,0.112485088,NO_FACTURA,NO_FACTURA_FUERTE
4076445FF73213039D7402664EB4FC48546391227FAB11DAA3224DA874701C8C,DEVELOPMENT,firma-deloitte,354,334,E7A7C8A7CF1E3AEB32AF5014FB621FD48CC0C50BB161F6CC9E16A0B2E9CD088E,247D59E99610E9386D6119D4C8E9E5995A10DF5F106A213F833887382DDF3F33,5362D71DECA510D970A435C73DE48F66F23C74DB638D9F4C120C04C30FC34FB3,0.958843827,0.041156232,NO_FACTURA,NO_FACTURA_FUERTE
74DA980974A41F7B871D2C47FD7A44101AB5661F1393C6FEFD5399CAA02A68DD,DEVELOPMENT,fotos-familiares,4000,2248,8593FC6AF0FAB5CC9F8434D29A1D169DDE0C6010288FBCC52B0814465B92369B,E2BBD005356715DEB2762DDAF358C24F38DB353D3598ADBB01B6DC08D5C2F6E8,179B5DCC0C1C5E18F0168B4F7E5F47135B51E303B18FFF33C8C3675EACACD444,0.881692886,0.118307136,NO_FACTURA,INCIERTO_VISUAL
EC91DE96F8A25E7EE60D3F37BF910A33AE2F346FEE43CEEEF8DFD14BB3F53973,DEVELOPMENT,fotos-familiares,4000,2248,ACD40E66C8961B6E420C50A1C2DBDAA6F90D90DAF2C7C30B22FD374EE571B93E,AA9A398641C90B949C6691CEFACFB52576871CAB90B3461D13DAE7EA183E9A2B,CF4824B7FD322E4ECA6BC0B840FFDF5071A5C78B4F6E42C80502F3590F4CFB91,0.824960113,0.175039858,NO_FACTURA,INCIERTO_VISUAL
966FCC7F039D31C33FC27230D26B6EC27356D2033146FA8A4EE21461EAB0945D,DEVELOPMENT,mapas-viajes,1236,616,376AFFA8E997CD75348508FDC380E9E1FA483B9695E66CB41B286057D9117CE3,0CCDBFC184B4798744EB7560A164DCE832A0AA5919D940869E597456610F9A4E,EA102FB7A5EC4943482D6219B7D2CF198E1FC82B7172420F2CDC8129D1246E15,0.875859201,0.124140859,NO_FACTURA,INCIERTO_VISUAL
D2B2FACB91DDE28A9AED66FDEA2BDBD8E2FD91B94161D10F361C4040553FF392,DEVELOPMENT,mapas-viajes,1236,616,922AFB004F1BE8BD09AE6836B75DC8D265FA7B52F23D5397F9C158DC25212C2A,CB3D1A3CC6F00F7FD49DA02165596449E6F58EBDF53B29CAF555533B8E74D5A2,CF0317B654F69DE0EA355FC228DC192FF6BC37BF2254DC243F7BE8941FF22677,0.951604545,0.048395436,NO_FACTURA,NO_FACTURA_FUERTE
F6112D3A8671D063327C69FBA50410F72448E6DA21C4C8A6AFCFC3F883CE84A4,DEVELOPMENT,mapas-viajes,1236,616,7822E6ED5AB2D7D9C60808DC173B4A0A0C54A8D052FFA74A157F9B1DB2A1EB4E,5CD78B6F6EE8A3C839F5DF3C24165395601D159BBE0129910E8480F5F64BB6D4,4390E1E6BA7971F7E9C5A9A841B4E21C44072ACA8EA9ADA2A67860DD61BDE986,0.896653414,0.103346586,NO_FACTURA,NO_FACTURA_FUERTE
131E45D3DC803E82CB78E212E95C4E289E840BF38F309CC9E631F8D3F0668D7B,DEVELOPMENT,publicidad-ezdrummer,500,360,52A0FA5AC88AF99F5D1224D4F1965D30F56EDA500EDFF5ADE3544F9544D8C379,05869D4C7136EF318899ECDC002B95AFC7880C1DB9267D0706391100A2613F38,A1709483E0141C95C32D9258F68B3D1D2BF9F649AF29EF9C5D051F671B62B0DD,0.867393255,0.132606760,NO_FACTURA,INCIERTO_VISUAL
398257AA42671A521BDE2ED73A1695CCE3819975D25652CA5F06383773E842EE,DEVELOPMENT,publicidad-guia,2000,1300,1FB9B5BB23B0DFE98CDA52458C31F4734AA195E14A755C8EBC85AC808AD90E8E,80F68C290F992465C9FF60745D483E380B63CE0F6622EE77C2E50DBA43D3EFE0,11C18E4A9ED25C4F40F9B57E9D4C06FA0603E06856BD8D3DAC2BEB420AF981BF,0.864180148,0.135819837,NO_FACTURA,INCIERTO_VISUAL
5EAC3DD7134262EC7667AFFD27336A78CCB94C616157B186FF964556F9635BB7,DEVELOPMENT,publicidad-samsung-galaxy,650,8489,BF4073F81740A43AC8697AED2BE512259B67E02A1C0B797DAED1D93BFB91B642,900A64C366B1F695EDBDAEF0493BA516BEFEA30A52ED9610F3CB29E9F3EF9047,D6F1AEEB208BBD096B5F966FB3DC8CA828B380F879C0959F2F471AE2A6EC66FA,0.708378494,0.291621566,NO_FACTURA,INCIERTO_VISUAL
DFB5D9B1FC4775F72C0526C008E7C7438380A66D13114E8C65F3FAC5F942FFA3,DEVELOPMENT,publicidad-websupergoo,600,255,6A3880D86158FA59E7E1C2F5F43246FE990DC336C6855A134ACEC201AD1862B4,B24DE4C98ED5439B544CEE0E513C5C2C72FE04D86A7DA0D6826A6040C030FAFA,6653C76FFCCA69A3E94B0D51F3CD889A2B5066947D64EFB652FA65770B77F317,0.976870418,0.023129633,NO_FACTURA,NO_FACTURA_FUERTE
2CDC2802080A93C44CC6959AF2AC254546F4652B24A22C9B75546BEDFDB0A3EA,DEVELOPMENT,credencial,2479,3508,B4B3D68691BB02047126980BA28881A13FBEEDD5A4D72A1650B1369FEB66E878,C7AFEEC579E73EF5A52D0D33F41AC494433ACA9767AE014AC891EA124A25BC5F,8055EFF0975500B78ADC39B496CF6206AD72FF9FD3A1699458606E54EE6CE27F,0.746658564,0.253341436,NO_FACTURA,INCIERTO_VISUAL
999FBF2C511BEF61577E45BE48F034B1AABDC5692AEB747159BD61CF408F6BB4,DEVELOPMENT,orden-compra,2480,3507,A2D55E0801E18E35491A55C4AF8136E5F577B342EB772A2820FEB5D0A65052DE,F62EEBE9E5FDEFFC088456F3A0DC330A3535D63C7E654C0590C5D8DF92638FE3,1541B97220F753E6F794CDD53C7A6A989F084E843B0037BB78E05C4CDBD7964E,0.562291801,0.437708229,NO_FACTURA,INCIERTO_VISUAL
7D6906456FD818CCF677B46E7E09A4F9EE6932CEE5AF8FED0DC9CD4D2D7EEE75,DEVELOPMENT,otro-aviso-cheque-rechazado-banco-patagonia,1576,2100,9BFBFBDCBF3D6C6677B9FA317360C54A0472EC5E6AB551295FE5C9114C5A9880,534F7218F2BD6A99B1DE49E52384566D40DB6BF252601A55BC4D684EA7635D50,003677EB3B96A5EBFE66D7ADD65C9894371AECD7AE95F92730AEB58F18C10BDA,0.673667967,0.326331973,NO_FACTURA,INCIERTO_VISUAL
AD4F901A339BA7D979DDC8D72FDF48CF5AEA068CE8B78E0A68DB02659CBB784D,DEVELOPMENT,otro-aviso-cheque-rechazado-banco-patagonia,813,639,E6F5EAA09F9F874B2C22AF3CA132F23C721C213AAAC037F5E79A151CF17EC280,42E4C6A020F4A00449F9E85C07C72A1747E4E8298FCF3176BA48B9021AED737B,DA13F4C0EFBACBD8678B48DB59477EDD226BB5A23BF87958512D845242CB549E,0.500355124,0.499644846,NO_FACTURA,INCIERTO_VISUAL
DA7DB06022306B8142F9D0179BDE36BFE71E64CEC4A2D7E10FCCE5D2FDBC7C97,DEVELOPMENT,otro-aviso-cheque-rechazado-banco-patagonia,4284,5712,E470A6CFC4429FAB4942F104B5E4107D3213ED82B87116A2E9348AE66FD760E4,417F5C6FDF450BAF5488C119D245CE3BC53BC62D31A073704A4A50A83F1117A1,B23260FB44E9545901F8C09A9DF5A31A1D54F7B692637EF87AE40422EE9178B2,0.769597888,0.230402052,NO_FACTURA,INCIERTO_VISUAL
3E354C1E6A7CB85C4D523AC1B7741EC6E1D498440C0B1FFF531DD3B50320AB78,DEVELOPMENT,otro-captura-monotributo-pago,720,1600,14906528E742E63AE2EAD7D14742C897C90A6DA8D4FED6AACDC3B81D54E50A7D,7C89E73ADE8009B6E2A649EB6F0F6C1C7CE4EDA991DA23D5CD5EC7FD26CBE482,C3BB7B5C9606208823C3B3E73E631FD620D4A203D9634DABB608664A2056285E,0.963063300,0.036936723,NO_FACTURA,NO_FACTURA_FUERTE
50D0A84325CDCF665E473A3E3D0F62F86079E2DCFEF4AE4E4BE0D2A776C0AF97,DEVELOPMENT,otro-captura-ticket-acceso,1036,625,2BBDC653CB60DA337A67C416679307ADF5057D21C8DF4411B5E4E9B4ED75A9F6,CC3B5061FEA4FAEACB20EDED81F113F35BC915161FB7E79ABDC1044EBC7444DD,736D348F31BB1FFEC1E3995C3964B87D23AD2A6BB5FB86B1BD4972DDA1D77F7F,0.668089092,0.331910908,NO_FACTURA,INCIERTO_VISUAL
02523B356AEC13D925C44F336DDAABE81215EE01EE8BCBDEBFC6714A37D55A28,DEVELOPMENT,otro-confirmacion-compra-web,1280,1024,0DF173587BA16D3B0EA6544B476C8D4A34969A1B4463F927B63D69794C88A228,E375D0CF016D7D53CD00A31399AB3A694F179CAC696947C0295DF2EA9E5101E5,89CF95866FAF5C529B82ECA0E73DB2AEDE88BDD5096DA6CD6FE56801046747F4,0.761957645,0.238042369,NO_FACTURA,INCIERTO_VISUAL
AF9E13927BD6123DA16DE0369AA7435A2892D4D71E8A0B3863F85C6A5E30455A,DEVELOPMENT,otro-correo-reenvio-factura,2480,3508,B3EB738932223FE10592D92A4ED9013D40E3928A7E0DE8FBAFC479097FD6EDFA,BAD6EB2DCD887F2570CF5849EFB4F78F92E7EA5B6FE2A91AB4637D09CBFD6838,2F0A34AAC767A2753C90BEAC9740140E4FCDD835B4AA195F703F6014D2B09284,0.692794621,0.307205409,NO_FACTURA,INCIERTO_VISUAL
70943A213A862A315DB451BAFBADDBFE5C0E45D694BF40FD8E5430FF47A032BA,DEVELOPMENT,otro-impuesto-inmobiliario-rawson,3541,4875,240DEFC5446EFF5A34249E2E9A436EEE77C6D2CF35C2548261D4067B996C8C6C,379CD789A2F9A1F375818DD0E97A06BEBA839118BF5B31B0E4F12EE19A21EE56,F6C6C4B6824FC46611CBEADAC73F9377A4E25C99F7B009BA622EB6D7D296D723,0.711014330,0.288985640,NO_FACTURA,INCIERTO_VISUAL
28FCC8808B0DEE25A850B6F4C5063E17FB94B3CB194917E84422E9F2A8C111A5,DEVELOPMENT,otro-instruccion-transferencia-banco-patagonia,2479,3508,230F0CE905DD81F214A2A26A763BEE4D6C6F1BFC0613575175D5D013A096F6C8,E3AA2003DA892C0FA964312C1BE257B9C2807B801D73F0FF9EE2CF78475EF236,C1468226ADE6DF58D17077AE91C37B8928147126EC6D1608713A9815B591FEE5,0.872611761,0.127388254,NO_FACTURA,INCIERTO_VISUAL
CA4B144974CDD331E904D3646E7F74FDAE6502B6CCDA4A0B4845C2FA9E2F6DB8,DEVELOPMENT,otro-instruccion-transferencia-banco-patagonia,2479,3508,37B17C4028C21BF57D86C511C183CBBD22EE70C96D6AC209BE9BF976D63CF074,6AABAD959E2EEA3072DD16D442B02D03010DA11C36F22FB79522718D787289CD,AF4B3DF5F80322F16188B9483A67BAA7578A6B480FFB9A405213BA532103E77E,0.821505904,0.178494081,NO_FACTURA,INCIERTO_VISUAL
40D282AFE8457677E743468F7D7EDAAA8FEEDB38D7458D01304953DA8E2E5BE4,DEVELOPMENT,otro-liquidaciones-comercios-banco-patagonia,790,440,32753DB7B1C3F76A5551CF52A9BD162A725AD6068234E4DF0835B92470CFF96C,B55B6DD91CB97F7998BC8625F455D072124F15B499D415D998ED78C7BFC13BEE,A03FDF0AD7B0F006BD257FA4870366969CC957DA772E6DEF066C76D11D5AD453,0.544413269,0.455586731,NO_FACTURA,INCIERTO_VISUAL
675F30D09450E3C2A33AD99C4DC69C108D812EF861FD47858519F8A9913464E3,DEVELOPMENT,otro-liquidaciones-comercios-banco-patagonia,797,399,722D0C0C01D1F0EA2309F061787C35FDA3AE57B33929B2E90EA0F0E4673381A8,F8089FD7A3AD899294E3421207D1C8F186A139312C22D4D407EC182CE929F636,87A698A8D33A558052428BF6B58BBF0DFFCAC347AABD216F8076A68F237D283C,0.468118966,0.531880975,FACTURA,INCIERTO_VISUAL
9B103DB594C0BEE038C97560216C9623601B0050584D5946910513AC662DCE6F,DEVELOPMENT,otro-liquidaciones-comercios-banco-patagonia,820,509,2C1A369B7B443645F31AC33F0CDC0F1000353F6F97DA8D611BEDA8C1EC9990E8,4753AA753E7C64A6AF11BA7B2C13C2A3D3AFCA96BB4356143AB8385E07A94768,7DE295FD9B50CFF2FF49175E4FC4216D24E35062475529C299EB62D1F657C2B1,0.809716523,0.190283477,NO_FACTURA,INCIERTO_VISUAL
6DB7AD704B49BFC71197B65C40C94E926183B498F4CFEB7553FAE26B2BC534A3,DEVELOPMENT,otro-nota-credito-electronica-edi-00002-00000001,2479,3508,0C1B1293AD144C5091B88DE8B694FB222539B68888F3093C528BFC5457AB58CB,57DE0164F3FA9C98B9EAB95F59D92DD8D9012C44CA26B5E11E38E5CC14C8E00E,16EA5BA4BEB0509461532A9F24674A99935E3F1DAE2C531C6C190354781C0779,0.252142847,0.747857213,FACTURA,INCIERTO_VISUAL
1C4DB25AAC0A169B26D121DF0992AB546E8D487A74FD1E45FDEF3490F3708601,DEVELOPMENT,otro-nota-credito-fiel,2479,3504,9452F0CEBAE6590370A5FFDAC0C1C234A488B0EDC9358B16CBE4CCEC5E1031C2,F9EF6C29B36E296654CA589F91A9DC7D989EEC303A524AAF700D51F03682F400,909F1DAF3B53DB667C1E691A95300035919053605861DF6B59A95D3A753E00C6,0.342623025,0.657376885,FACTURA,INCIERTO_VISUAL
382662294B57C459DB9F1231FE0503A77176D130F8EA1BFB709132C3115F1A49,DEVELOPMENT,otro-recibo-c,2479,3508,A860EE57F5126A294768BCDCD4EE7354E266540F1644E86CB41A0627172EC062,EFB565951B0985969ADE3C88BA819A04EDDE1A8154DDCDCA9B1004DAD3BE1BBD,A8920017A9AD3C8AEE9B7D1AAD8CA4884BA6B69F3D2514AC88BD5F347D46E3A8,0.074085943,0.925914049,FACTURA,FACTURA_FUERTE
4C4A524F6C4F42DB654184D20C435FAAFCACA3F08AE9CF313F55ED571DDEAFE3,DEVELOPMENT,otro-resumen-costo-trayecto-cabify,1240,1748,D55FC70CD19BAC3815F5597E2458057EF6B1C2B1A5AD7A9C007938F66515A507,3420CF7D3A47067AB9145F5ED30717F31BD96A2BD4216C7DCFF08EEA0DC76417,6595647A7ED0DEEAB6A7EAE59EDBF3E4510F6C5B41F7877093720B8829559BCA,0.519114733,0.480885267,NO_FACTURA,INCIERTO_VISUAL
D86F134415A04E0606A287E30878EC7914E9DF74B3B4C92B1EF28FD94B366E94,DEVELOPMENT,otro-resumen-costo-trayecto-cabify,1240,1748,F8AD8446CB586C953324C5FB515AB38BAAFEAE8DD46381CBC6886E9B147CA2C7,D6EF82DEBCEE7E5AAEA64383B07EFFA6BB8741E5C8088D70DA28ACAED809C98C,925CA39F1A584A0CD263A51C176E17872C8230BFE19D6498677366ACD77118BB,0.466243714,0.533756256,FACTURA,INCIERTO_VISUAL
4CB36B9488EDCAA6B27FEF1B0A3524525E14E115CF2045F118B032995E653587,DEVELOPMENT,otro-resumen-operaciones-banco-comafi,2550,3299,CA3A3A496C0B8AB86968D2F7E2D4BF6CF80AA313AAAD36F0530E64A4A021E1D2,E756026007616BEA4A5A8F311360D392B8699700F99B46758439A4812F6A68BB,9D678FABA625B3C8CB48BF9DF071B3275E8FD0C2E0C97C96036C91FA63A5E652,0.104902655,0.895097375,FACTURA,FACTURA_FUERTE
720D554E1CE7B5F36A27E8EB9E0C446EDD580DD15E0AAB7C46E8EB12BE170C51,DEVELOPMENT,otro-resumen-operaciones-banco-comafi,2550,3299,AEAEE488F7546D80A3508F1D623C2B261172C32DB9174E75192E1A3BEA3A1ED1,6A3F7128865EE4E6552DEDDD915E4F0221E93A9987428589CEBFBDCB0927DEDA,4FE94852EDB8DA5E13719E9444C82B71DCC66355807D25C36132FF1658793304,0.117777497,0.882222474,FACTURA,FACTURA_FUERTE
83C37B5C6E92C9515F9456960E62208CEF94E5985871436E4E5464233C0EA6A0,DEVELOPMENT,otro-resumen-tarjeta-visa,870,374,4A9F25098FEB653EFD0674989F5DAD329823622457D9575DEF35C58B59507EE2,7F3322632D929BA826C5E55FF1FA56921EAA25526699C1136CA3176D47933F6F,45E03D7745D5A8E4CBFF92F8198DA62A8101349C54AEA3D151E139CFFF4715FF,0.832583964,0.167416096,NO_FACTURA,INCIERTO_VISUAL
35784F288939B0D8F196CB8646314FE710549A870D08E33C8E974D21EABBA0D1,DEVELOPMENT,otro-ticket-servicio-cold,1138,576,C7116F284107CE90E6A353F8E22CF068F92FE91224A6313DC2FF5A586F10800B,EA681B77B7973E399345BF934E8A52CF60B49FA691D246FE87AC05E1F41B4F77,B36378759169AE81611FA667882534E0C93CC2A7567712610EDC729D8EE2325C,0.881027043,0.118972972,NO_FACTURA,INCIERTO_VISUAL
7943C6EB1641AD882AF8038E05B5F350A7FA8FBE6C2DF3DF90E9004412040FEF,HOLDOUT,factura-familia-arillo,2550,3299,DA93CBBA65973EBB10F6AA9BBF88546884B54E78D25F317813298A0586F56B91,9CCBA5E0B010517DCCC42C0AA8A6816D772180700B7CD3D862D5A62DCE3B8A88,9752BF64219A841684241F2ACAB61BC95C6568CD04AC50E5201F316990AA850F,0.163105175,0.836894751,FACTURA,FACTURA_FUERTE
122412579CB7F775A638F44BF40EACB229C173965B54C8B8FBC969D28DA6F2DC,HOLDOUT,factura-homologacion-c-00004-00000002,2479,3508,1FC7FC5A4DBA046C775648D28564363EE0E4520E5A37E28F880CDA9DD812D589,8A2CC9FC8DA15F8BA18032CB8F5E4C4D15FCE8B738D57AC7B6B564A1D248F693,13BE7127842E473D8AE615A32FFB4387C5CF62DB7484F0FFC7F0ACC7047A3A64,0.290698290,0.709301710,FACTURA,INCIERTO_VISUAL
8AE4509AEFA61A7ABB180BC7A0514AD169E1E8047C07D7544D3D0CB800B4E3FC,HOLDOUT,factura-homologacion-c-00004-00000002,2480,3509,5604813C93BE0351BB76F0608CAE5373A8F770D09A9813ACE2CF0C93F77AE001,C8AB8ED7975F4586FBD823830E5818B0CE3DE1FC7A267A2CEF301F10D40A7785,6E5C3C6E6987F29EEBA83CC0F4306F747C4E51F36A74817EF12BC66596A5BB4B,0.244330823,0.755669177,FACTURA,INCIERTO_VISUAL
FA8700C24DBDFE130D17A72C536CC9DCF1639DD4A8C5E313DB18605F70DAEED5,HOLDOUT,factura-homologacion-c-00004-00000002,3299,2550,F5182BFFD2483FB436113C9C36EC439D65DBCED7EB232C3E8F6E585E6B52A00B,A1E5842DC5CEEB0D0D373E86C3799CA464C599D4F469B2BA5AAA6312DD3EBD55,922E409FE888189C8B6731B97A043B613B5124AC8AB00C99E13E85DD9A57B9FC,0.199664846,0.800335169,FACTURA,FACTURA_FUERTE
0EF37A45898658CCA6C6E9A3A57946875F92E0AC0AF3C602DA2E9086380F6AE4,HOLDOUT,flightaware-newsletter,550,24,27B0AA3532A7610797EA1B59F8327E969910BAD94718EF71EABFFEEAB99B0B1F,0F8C3DA846AEC4253DE404F1B8BA8F25538AB45452B41CC08E6308A0C3F942F3,117B0EE2AA76BAB79E82580811755B228568DFF61AF638FB6D2B47F468BA15C1,0.547149777,0.452850252,NO_FACTURA,INCIERTO_VISUAL
15ED536B42D37302D1DD306E1E2F9C46AA07C069EC3DE614660DA7B6ECE627C0,HOLDOUT,flightaware-newsletter,32,40,F109E6B26AA9D81D742D6FCD0300E5E67892F5ABEEDD6C61BAF58E041A00443A,1CD1A6A95A36B3AFF05309E6036D7AA461BC8EB4BE2AADB23E534549193CDEEA,8641A8AEB1B907C8D21A6D5691C91586922D19A0F7DBFA3F139DFDEC42D34447,0.919872582,0.080127396,NO_FACTURA,NO_FACTURA_FUERTE
B6524C56C8E4C7F199F98CE0E2EBE84BEC72DA783A9E5A1DA9FC17505080F44F,HOLDOUT,flightaware-newsletter,398,37,5F28ADC2CDB304A67E0EA8B0733F20AE3AEDB13694D7636CFDCD5E67B5739878,E387080BEAB1BCB0EB735F1B212DBE2606F53957CB841CD001E11EB602BA1161,AAE3F458B7706B0D05B7E988B2CFB6860C2E38CCACA8759C89B5EDF280DC0796,0.957318962,0.042681072,NO_FACTURA,NO_FACTURA_FUERTE
D9AFAF729E3D7965CE69B7DA7477640EFE7CB3725C7753E3C22305D06BF77C6B,HOLDOUT,flightaware-newsletter,156,101,79EB86A73040B80ADB80003E38609F3A97A41E357401A9ED03C0A1E4D6991663,055A2F8AA74363FE8B3365ED42914147848B9D98C572B2845E86B2EFB7D7BF3F,BBD307D6838F1AF9E2467113839363EBD9A63382EFE64123B73AC48C982B7474,0.835980952,0.164019093,NO_FACTURA,INCIERTO_VISUAL
2D246A2651752808442383D814C806437999B4C22FD2E77D18BEDAF2AC6786AB,HOLDOUT,comprobante-pago-bancario,924,155,4875D8706DEDD5C55F92E30B6AB81CA354DDE2C3B3FD452DAE9566D51C196CBB,E699FBF77BBB74232C61A0F4B3B27BEB12CA47B3EBA4DF7B98B3473C6A557696,2C417046E8780C68079ED9047AB66E60E0000B6E13868BB298BE6C913D8E85C6,0.683916390,0.316083610,NO_FACTURA,INCIERTO_VISUAL
31371F0EA09BFB13ECAECD39B9C36CF70E4662CB0E31F2ABE26B8E74402003F5,HOLDOUT,otro-solicitud-nota-credito-banco-patagonia,2480,3508,D6127B449392DBF36FBDB462ED24CC96C19EEADB3096A09FDA802C275A1E8D09,F736A2A4B8FEFD52F23BF313A996E4C0B4E593E3DE05B89436140AC13999BBB8,19A1AA7882BB94D124FEFFC5A4864A615A9EB2FBC62F07EEE7534A2397457828,0.673403084,0.326596886,NO_FACTURA,INCIERTO_VISUAL
