Sha256,Cohort,PythonTensorSha256,CSharpTensorSha256,HashEqual,DifferentFloats,MeanAbsDelta,MaxAbsDelta
73938D63A261576FFEB30B2C0E33DBE085B1C870F5DFA41FB6DE596F57A839D8,DEVELOPMENT,A6E19709177481DE290B0E65B7C65D2446EB2348017F9DDB9B714797DF67296E,7010D6C0B5ED357A0110DC9F6B372846DD58ADAD59B1E84358A41F7258BEAA17,false,66,0.000008,0.017507
94A5BB490143CEE934380D4FEB4659ABE2DD005FCE09BA87046839EC01B9A049,DEVELOPMENT,D785765D611A69EAE5F8506D4B71C2AF5A7CDF6E9958C7EA608DCC219EA4ECDE,8C9B4D7361587E135241E729EF48A1D113F6A441E4D7C8F138B4208E7F7651B1,false,109666,0.343963,2.538516
34E7190B10DE1060A821BA5B262D16CF469116C53FAA10A487AE71EDA02DE220,DEVELOPMENT,79743B3DBC73DF3D3C18DED9063BFD4DC2DAE61C513F12E229766A8F2B633472,4E21D329ECADD46D3F46BD38806C05EC5625053D2410E82897D9AF493EAE8A14,false,111,0.000013,0.017507
83E0306FF5707DBDEBFC9AD88A3634DF1D24B33FAA5A733B74A629090F74A53D,DEVELOPMENT,2A95A7B02FE07B7C125DC2BE08581A9C8AF3E2DAF0C9A3BB09688FDF678DB01D,1DD21397808DED6F435814391EE868D90E1F36E868A83738135968C80F640F0F,false,55,0.000006,0.017507
030126CE7D614353FF03F90C126B6D2C3746D913B36523810DF4F1B51326D882,DEVELOPMENT,B4AC9BD6F923B2B292E78AA4395FB658BCE150398C8A25F1CB4118DF25547B3E,AE2892D7970B9E11E16A62ADA20D812085D50E2E63FEFE7B81396B3B4F050B53,false,47,0.000005,0.017507
53531D26119A3A91D8160D16D8081238C94A83B00EADEEECB6BED96F35C0D21F,DEVELOPMENT,927F4A597C12095E7C477636CE4ABA4C7A24CC818DB11880BBC0577CA76E5880,CB27555CD6EF7F9BA33B08E4C5DD5CDABDE3ECA21A94A9E36A0E35F7D8E1C021,false,44,0.000005,0.017507
92914214759A1969F8F6DA6FC3EAF436EEC02704E5B3141C282C9D183B15D2BC,DEVELOPMENT,B01F93EEA27D34DBC1159267548973461DD5BCE5101FDA1FAF0BDBFF21F319F6,FCFF9F1C1CCE7C523959032F68A92FA6CA575E95A8115F17C3E2E6C031F53D75,false,56,0.000006,0.017507
963E9941D8D3A90BDACCFDDA949B7EEDD535A2ED456FA063B67893EC4D759786,DEVELOPMENT,A5103BE091FFAE947CE7AA2E97F155D505A66CC030A156B73D17841AA749BA5C,CE12DF9BF47D8701138565FDE1AF7351BA1DFD4C6E4D3348C27CD7BDE8051F0C,false,63,0.000007,0.017507
C2C93818726DAC52E58536C78525B62A417DEC82F9491E4941E8AEE2CFA42B42,DEVELOPMENT,894753A8237F5B5BF8EDDAC16BD29C0049FDF5E0B1E5D520E26D3F54CB1ECB09,81638B33493A40FC3377D42CB442010848AF83546ED1E48B523B5A681257CB75,false,57,0.000007,0.017507
E8066B5FA877947A47862B566C3A752FD1BA514973CD2B01A7AD31803BBDD28B,DEVELOPMENT,FCF3F6FCF708238BAF876E8E9DD6AB63B2070878F249EC8FDAE8E51D8C6C5049,C0A0873500E330AC773F12F1B63671A6219FA69057335B273C832315EE196A6D,false,58,0.000007,0.017507
2D43B3648B73EFBB36772933B8ED7CE0CD779C0945E776A136EC6123FA5D5551,DEVELOPMENT,9802BFEBB4A9E7CA87AC058C756ABD4E9B98FEECB5ADEEE982059AE2D4FA25E7,71900F4BF69C497DB409D40267E16DBC81C13035A105E7900D809FFA7EE8D8BB,false,84,0.00001,0.017507
B4C8FA3786E8BA119F3C5F40F1BF5868D7591D0E865FF2AF84F7235674F33C88,DEVELOPMENT,E3A60201B5886BC6011A43B71B3DE0E849DB30F7CCA6EFE0992F0AB854ECAAF4,DE7D6B4BB15810A6A42C17D4E08FC258963F071E9176577CC47DAC8A7C21647B,false,45,0.000005,0.017507
D0998159322E7036852951E3B6BB4631E0A5EF21ADFC0DFC39679D4F410C959F,DEVELOPMENT,073E254097AF5FB529B9DF620198E63CE03A81B1C995FC7945C33B0671BB531C,AD86D83F2B567C1870278B40B5C8DE66848D506FBEE2A95A1FED30ABD75F7697,false,39,0.000004,0.017507
B7004863AED55E481D4397435BD5B06CEA6180397E1059883D51F5D066F1147F,DEVELOPMENT,F7780824DFB62B2A179FC94BA4C820DB56E91E3DB2240D0119726FD1E0DB0BDE,E7192B0EF4BDA93EC807D55FBD010F28F99B1DAF08BCDE5A841124E264A32AA1,false,95,0.000011,0.017507
C177CD77BAA5F5587D302FDCC9F5615424F6BCED6057AA300113D6E3A600DC02,DEVELOPMENT,A968DC61BBBA0F969D053DB9141374994E48ECA919629BA73590ECB02E66B2DC,CB792D3511F45596027B440E51AC05C74476D2F2636C662ABC1424C45383E37E,false,40,0.000005,0.017507
D165FB62E80F26847F1F00B1DBD7E949928E56EC5C2A0EDD2FE929E4ABD85CB0,DEVELOPMENT,B9BDF96E93FB442DFA1F4D56F854DE9456331ACE2D890AC4BD344D9D7B327593,794219396E68BD431C4C991A45736A3E15EC071D0FE57A7910E1ED505C1A09E7,false,39,0.000004,0.017507
A75839AE32A6A29EBB6CF64EBE45427C346DFFE51E758D5F04D903FC28147D87,DEVELOPMENT,1A56933055B4D594699D8BAF1A8EE2EF38D6453FE0C1C4E11C4EC8B81A0EABE5,5BEF38D2B779531E5F430059D10AF0070FDED06773982B3935D476409BA58425,false,96,0.000011,0.017507
681D494D1EABD2B24BA13F9F99B3AC5F6D565688BB7368714C430C5395C5A868,DEVELOPMENT,3326AF175B14A16FA17356DAEE1793941DE3EC14B3F5693F2DA8AD84745BCFE8,1368094388A2477F16C66E2AE4CDFD86F2410DBFB3FB5D52051A77AC9063D217,false,58,0.000007,0.017507
B68674F3B9393FDE895EBE47421061B41DCE664D2174AFA8C7904CD4324C5124,DEVELOPMENT,F8CE188362B0006E02B3FBA24B5C228F8CEC56E0E3A3876105C8187EDB839834,562029EA0E5B9548A55DE8D4372AE260AB4F46A01D2930827B1433792EC7E33E,false,79,0.000009,0.017507
5E8DD1B162CD0DD53E297362595BB3BE6CF0D4A3AA3803D214C679FD4CBD69F1,DEVELOPMENT,4110D2EB988DBB13DA2BFF00A4A84FA5A0522F4C9FAD922059679C156E10598B,7A083387BE8C9BF0DA146C1C38ADEBA944D8F29241828871000C556550FA5C51,false,42,0.000005,0.017507
8F6CD87791DE515777752DAA95C010EB45B43DFD9348A6AD6110D4325615EA00,DEVELOPMENT,24F3E42F6EE1C9A5ACB5CD97D76D361993F40CDE28E9234C0E59A2A20AE0F80B,3C7F93ACB220666BD2DB4EA8684E3C588C77E1BF8C6E72CF1A303FC949E0128A,false,1,0,0.017507
0A580FEA09DEB190DE1B8FCECAECE18D82D97ED106F75509B1CAFE5475D16253,DEVELOPMENT,410C237EB37280C16C53BBDA8917252EC05DB3A084536031E7465C0041A876FD,104B27490F0F01A262F58523BBB52025F5E44B6A9896D0591144C8ED367A1BDE,false,10,0.000001,0.017429
4AA692A94759E1F431C7F170D7194BD10D99DC221BB5B63BD9A9654AA70A7515,DEVELOPMENT,B5EB95659D1047DB072FE5A90FD3F6ECFA30ECD7835135F986628F3BD3721503,FFCD528BEE7DD49B9FEAFD19FBDE467A952D7BB236ABCF6E4C146DB3A9E9956A,false,13811,0.14387,4.464286
CEBD403817596F810B3BB9DCECB123713E7BC8788B8B6DDD32DF87CEED97D03A,DEVELOPMENT,0373F8DE96BEF8EAB9BE0387A1528134E1FE60495F813F2B637C311E6A973652,310BB562E80945B2DD82C5CE3094F97A0C44A8848342327063C3490D541C519E,false,34984,0.179152,4.464286
2AF9DE4CAF9BB15F857FAE3B9E6DFEEDD831219A156B978E43FF62BC315266C6,DEVELOPMENT,D8392852A78AFD4E77AB5F054B71FA8E48EB16CAAEC7123035EF62843CA71A61,02665C7555AF9EB6740181CDD871052F30EACEC029DE81C6570094DD6CF0F8B4,false,21812,0.141509,4.464286
72047867C7642F6358837C0F9867C83F915A29366A6B64C6508DCE8FEB356E85,DEVELOPMENT,23D0BF8646C1B16FC31DB6F9F209D8533DE4306469FAB0FEE09DF9E77D436ABC,7BBACD9502D9987BA1DE5CA4F516C4F51CB38CE9FC440C8D75BE55BBCCD2AFBE,false,15933,0.209447,4.444445
A881A4460A42E2C5B06E833B3B6B6A7EE43EC358EDBDB48C3B3BD7B7F6643710,DEVELOPMENT,D7265ED38C631400F0A7025ADDB7381D123D237DFDDBC284C162797D883BF9D7,EDFDFACCEC3C280B3C49CB6350DEB2720C248A434A2F06244CA45A4C6ACADC20,false,54,0.000006,0.017507
09FA512D0268E721B912C8D816EB01D29B16E440ADDC96B967A462DAAAF784DA,DEVELOPMENT,4426989DC26861F922FFBC975156774C4AA637E2B045135B3891888E073DBDC2,4ED71C89A1166FC380FE078E80A3A192A93D9727AA53A66759F253AC9505C330,false,92,0.000011,0.017507
31089A698A1E82394B3667FE64BAF03D2A775892EF73B04FB9C439A916E5CC2A,DEVELOPMENT,ED7CF4C819D4936136BAE01D4D215EAD096B6BEB3CFD4D95281C9692284B3BD2,1A02D6DCBB082FD6B384C8CA7A9896C89219E58B51ADDF0449709BEE3AA744E7,false,74228,1.284057,4.464286
3542D120B3139DB932D4DFB7A8D23F072F1FFBEBD924C55AB6494B68851BD418,DEVELOPMENT,C832F7691409A6835B138BCCDF38BC898181871981192BEF809DCA62EFCB62AB,82A7F86BB89143B93EB3ACC171C2DE95C61270545611FF5D40FDA9DC3AB730B9,false,5,0.000001,0.017507
C5DAB04B2642976192FF1B496476C165AAEC82A85C775945E07D2580E0C99279,DEVELOPMENT,43E6026984A24493BBC439AF688984A42A98125E46FAEABEAE408D1636586C72,5DE841D8DE36F3A7C872BE243D620466C342DD1A13D36FC011CF93BF3EFADF22,false,10,0.000001,0.017507
645D7CE914A8E04CD643296A64581A6DE08FB07730F4CC96646A93AFE83EE991,DEVELOPMENT,8E67B0A59A2443AB9C9097FE27396C845C2B194DCA761B91BA415F9E8EB71F25,EBF68E0EF6D315FFB2F39CBE017D25487BE9318ABB3FA51CB6137E002E768709,false,15,0.000002,0.017507
9A641C4729F3EF559F7A6D5A621453270D66916A84727E1556C4FB7525EFABC7,DEVELOPMENT,EBCAB631202EB85C6D7B539E3EAF1A389CA9EA9728A57C6F027650059B027950,BBA6D6FF371F812516362A6A4FBD605FE34725BD65A7B09E832C79C3DA2F2DC1,false,478,0.000055,0.017507
BE8E9456C6B3CD399C535A48BB397D4BF7C91D9CBDC212D5438373DDEFD4B5B5,DEVELOPMENT,4AA5CE8EBBD78EBC667C066573F5B3055B0D77E74CEDC69E2CDE8E4B19D5D140,DBF0586E3DAB96C915FCDF3EEA2F193CEE29844D85C1B0E6DBEA8832E61E8966,false,108172,0.156383,2.888655
94F6E14058C816126DE54ADD5ABC33BE7B27923DDB132FBC9590101D1E82C8D7,DEVELOPMENT,3D4E7D369C6055ECF613B187BE810C135456B18E1893E7D0B8063EDC44C06617,119565750E34067F34F9192AEC5326BF07A569ED9B606180B2D3D8432CBC4169,false,2,0,0.017507
0814C60BD510A3E30D86D313B0DDDB0CB088B987E781388B1C942943A13D554E,DEVELOPMENT,02DAF56A42614DB3C73E0C9F7ED5647CCB9F44087AF73B9E56AD23F88DE9934F,9BD0DECA1F5E1B27A66249D45DD5AF969F23EB97DBF20F8A1ABD4E57E1EEDC37,false,659,0.006936,3.728992
4076445FF73213039D7402664EB4FC48546391227FAB11DAA3224DA874701C8C,DEVELOPMENT,5362D71DECA510D970A435C73DE48F66F23C74DB638D9F4C120C04C30FC34FB3,9E26235A6511CDE23E86591037B0E05991B4DB512FACDB808C850CA53D306CEF,false,127598,2.365341,4.464286
74DA980974A41F7B871D2C47FD7A44101AB5661F1393C6FEFD5399CAA02A68DD,DEVELOPMENT,179B5DCC0C1C5E18F0168B4F7E5F47135B51E303B18FFF33C8C3675EACACD444,B804852175042C19393E4875B91890E228F4EBD97D89B75DEB9B48D858660EBD,false,84567,0.739882,4.464286
EC91DE96F8A25E7EE60D3F37BF910A33AE2F346FEE43CEEEF8DFD14BB3F53973,DEVELOPMENT,CF4824B7FD322E4ECA6BC0B840FFDF5071A5C78B4F6E42C80502F3590F4CFB91,6E945E74F12EE18C15EF75FD2D735ECB3229BA54CF8A991A1799623F8AF36289,false,84595,1.306185,4.464286
966FCC7F039D31C33FC27230D26B6EC27356D2033146FA8A4EE21461EAB0945D,DEVELOPMENT,EA102FB7A5EC4943482D6219B7D2CF198E1FC82B7172420F2CDC8129D1246E15,74DEFAC2F97795DA6C962044268F196E26CE6D876A1EFF56F5AAFF5BA6B57F41,false,2,0,0.017429
D2B2FACB91DDE28A9AED66FDEA2BDBD8E2FD91B94161D10F361C4040553FF392,DEVELOPMENT,CF0317B654F69DE0EA355FC228DC192FF6BC37BF2254DC243F7BE8941FF22677,85299047D2500DFF3ADEA0B13C3B4D795C1987DC36BD078565A901F051E150E2,false,5,0.000001,0.017507
F6112D3A8671D063327C69FBA50410F72448E6DA21C4C8A6AFCFC3F883CE84A4,DEVELOPMENT,4390E1E6BA7971F7E9C5A9A841B4E21C44072ACA8EA9ADA2A67860DD61BDE986,F3BD965D30583EA07E29D96AA7CE1CCBFD127B03B77605324C5F9A345568E7FB,false,4,0,0.017507
131E45D3DC803E82CB78E212E95C4E289E840BF38F309CC9E631F8D3F0668D7B,DEVELOPMENT,A1709483E0141C95C32D9258F68B3D1D2BF9F649AF29EF9C5D051F671B62B0DD,7EECE56B0FCDC366233CD3479FD08E3B6FCDED6E383E70E7F666975DBA5EDBB1,false,108065,1.476727,4.464286
398257AA42671A521BDE2ED73A1695CCE3819975D25652CA5F06383773E842EE,DEVELOPMENT,11C18E4A9ED25C4F40F9B57E9D4C06FA0603E06856BD8D3DAC2BEB420AF981BF,B9E3FA1578CB1E181C460A22310218354EA02A1F0D14E869D0394F5C8E56BA71,false,61709,0.613165,3.921569
5EAC3DD7134262EC7667AFFD27336A78CCB94C616157B186FF964556F9635BB7,DEVELOPMENT,D6F1AEEB208BBD096B5F966FB3DC8CA828B380F879C0959F2F471AE2A6EC66FA,9B8782CB6D6D4C703FBBB0D298BB312B4A1422ED41579E82E6795D3A32844934,false,10662,0.122261,4.464286
DFB5D9B1FC4775F72C0526C008E7C7438380A66D13114E8C65F3FAC5F942FFA3,DEVELOPMENT,6653C76FFCCA69A3E94B0D51F3CD889A2B5066947D64EFB652FA65770B77F317,E8A39C0722EE9862FE27AAF24A4C6FBD2C097247071120E3A7A01255A9C34995,false,19,0.000002,0.017507
2CDC2802080A93C44CC6959AF2AC254546F4652B24A22C9B75546BEDFDB0A3EA,DEVELOPMENT,8055EFF0975500B78ADC39B496CF6206AD72FF9FD3A1699458606E54EE6CE27F,80C089F26E097BEED3AC7D4F998EE9BDE57F411E58CDEC95EBDE9D7159A6322D,false,12,0.000001,0.017507
999FBF2C511BEF61577E45BE48F034B1AABDC5692AEB747159BD61CF408F6BB4,DEVELOPMENT,1541B97220F753E6F794CDD53C7A6A989F084E843B0037BB78E05C4CDBD7964E,F14425F14C95075C77888079A8B9E46785D28E1957FC8122134DE269105CD471,false,12,0.000001,0.017507
7D6906456FD818CCF677B46E7E09A4F9EE6932CEE5AF8FED0DC9CD4D2D7EEE75,DEVELOPMENT,003677EB3B96A5EBFE66D7ADD65C9894371AECD7AE95F92730AEB58F18C10BDA,BECF61D0B2456079E4D7F7D9DA072D5BA6F2DD681BE8C092FFD79D920DBA7F07,false,109521,0.331893,3.256302
AD4F901A339BA7D979DDC8D72FDF48CF5AEA068CE8B78E0A68DB02659CBB784D,DEVELOPMENT,DA13F4C0EFBACBD8678B48DB59477EDD226BB5A23BF87958512D845242CB549E,242BABEB564D00250FF0B6F68EA5365E286CE15B263E22B606DBFF6A6CDE32E1,false,23,0.000003,0.017507
DA7DB06022306B8142F9D0179BDE36BFE71E64CEC4A2D7E10FCCE5D2FDBC7C97,DEVELOPMENT,B23260FB44E9545901F8C09A9DF5A31A1D54F7B692637EF87AE40422EE9178B2,72B88508119D8415B69E0880BC2A666BF2365EBAA396E5E49D4CDB3CA3A396C9,false,110895,0.371807,2.996832
3E354C1E6A7CB85C4D523AC1B7741EC6E1D498440C0B1FFF531DD3B50320AB78,DEVELOPMENT,C3BB7B5C9606208823C3B3E73E631FD620D4A203D9634DABB608664A2056285E,B84909DCB285335ACFE5147998ACFF369BC08D9928EBC6CBC064BE02D1D42B5A,false,58,0.000007,0.017507
50D0A84325CDCF665E473A3E3D0F62F86079E2DCFEF4AE4E4BE0D2A776C0AF97,DEVELOPMENT,736D348F31BB1FFEC1E3995C3964B87D23AD2A6BB5FB86B1BD4972DDA1D77F7F,94368A30A58EFFFEC0025C99BC37782FC6C1B6D6890A64329BB88C9896AC536C,false,81329,1.502274,4.464286
02523B356AEC13D925C44F336DDAABE81215EE01EE8BCBDEBFC6714A37D55A28,DEVELOPMENT,89CF95866FAF5C529B82ECA0E73DB2AEDE88BDD5096DA6CD6FE56801046747F4,E07AE7367954445FCDDCA5F3117A944B8D13DED2319FA9EC31299D2F545A2514,false,4,0,0.017507
AF9E13927BD6123DA16DE0369AA7435A2892D4D71E8A0B3863F85C6A5E30455A,DEVELOPMENT,2F0A34AAC767A2753C90BEAC9740140E4FCDD835B4AA195F703F6014D2B09284,444A7F6D5A4BEAC158ACB960A2CE73002AF3794FAA1014D31CAFCB43D2CE3FC2,false,37,0.000004,0.017507
70943A213A862A315DB451BAFBADDBFE5C0E45D694BF40FD8E5430FF47A032BA,DEVELOPMENT,F6C6C4B6824FC46611CBEADAC73F9377A4E25C99F7B009BA622EB6D7D296D723,8087BBD803A0180D205C4C085E253F7631687542935F002DA5E46359F1CB563C,false,521,0.00006,0.017507
28FCC8808B0DEE25A850B6F4C5063E17FB94B3CB194917E84422E9F2A8C111A5,DEVELOPMENT,C1468226ADE6DF58D17077AE91C37B8928147126EC6D1608713A9815B591FEE5,DD799145BF51AB57A58B7743553B84A55D648181A05305EA5831F220542F0660,false,12,0.000001,0.017507
CA4B144974CDD331E904D3646E7F74FDAE6502B6CCDA4A0B4845C2FA9E2F6DB8,DEVELOPMENT,AF4B3DF5F80322F16188B9483A67BAA7578A6B480FFB9A405213BA532103E77E,EA2C15E2C12AED1A958CE3F55A8FC0FD1BACC5F60328AE2EFC888B02F2F6A61B,false,17,0.000002,0.017507
40D282AFE8457677E743468F7D7EDAAA8FEEDB38D7458D01304953DA8E2E5BE4,DEVELOPMENT,A03FDF0AD7B0F006BD257FA4870366969CC957DA772E6DEF066C76D11D5AD453,7E84BE8FFEC07AA2559A5BA25E5B2D179E0F33B054AC8E823FB13E997298C42B,false,7,0.000001,0.017507
675F30D09450E3C2A33AD99C4DC69C108D812EF861FD47858519F8A9913464E3,DEVELOPMENT,87A698A8D33A558052428BF6B58BBF0DFFCAC347AABD216F8076A68F237D283C,57AA45A5A3C74F2083C8343D87FCB9B324B8E32A82980493C97397DC886DB564,false,7,0.000001,0.017507
9B103DB594C0BEE038C97560216C9623601B0050584D5946910513AC662DCE6F,DEVELOPMENT,7DE295FD9B50CFF2FF49175E4FC4216D24E35062475529C299EB62D1F657C2B1,2BB7BFE8F38866A7613CB69C9ADF9F9506980B8E58EF80CFADE2BCB2626A8DA5,false,16,0.000002,0.017507
6DB7AD704B49BFC71197B65C40C94E926183B498F4CFEB7553FAE26B2BC534A3,DEVELOPMENT,16EA5BA4BEB0509461532A9F24674A99935E3F1DAE2C531C6C190354781C0779,98E99FCD9D2AF59A5EB2431A93566FC6CA1AFB4131796699EF78C1A4BF8372C2,false,37,0.000004,0.017507
1C4DB25AAC0A169B26D121DF0992AB546E8D487A74FD1E45FDEF3490F3708601,DEVELOPMENT,909F1DAF3B53DB667C1E691A95300035919053605861DF6B59A95D3A753E00C6,9185256D6850D65FDA22F7311A57845DE21736A382143E53D039DC986CE3F098,false,78,0.000009,0.017507
382662294B57C459DB9F1231FE0503A77176D130F8EA1BFB709132C3115F1A49,DEVELOPMENT,A8920017A9AD3C8AEE9B7D1AAD8CA4884BA6B69F3D2514AC88BD5F347D46E3A8,4B095BD05F5E5142F348EE987565EBC6A607DB5B468ADA1AC973F363137367B7,false,41,0.000005,0.017507
4C4A524F6C4F42DB654184D20C435FAAFCACA3F08AE9CF313F55ED571DDEAFE3,DEVELOPMENT,6595647A7ED0DEEAB6A7EAE59EDBF3E4510F6C5B41F7877093720B8829559BCA,C7DBAE74553956D9BD47ED5436FFEE5DC12CEA90E8A18B6802480A29C2543598,false,15,0.000002,0.017507
D86F134415A04E0606A287E30878EC7914E9DF74B3B4C92B1EF28FD94B366E94,DEVELOPMENT,925CA39F1A584A0CD263A51C176E17872C8230BFE19D6498677366ACD77118BB,D77CEC61EB86527FE9C55989FB5F5C75BDA59553545D9E07E1826A87742D9874,false,15,0.000002,0.017507
4CB36B9488EDCAA6B27FEF1B0A3524525E14E115CF2045F118B032995E653587,DEVELOPMENT,9D678FABA625B3C8CB48BF9DF071B3275E8FD0C2E0C97C96036C91FA63A5E652,490B1A58AE3A47EC90B7EF7223541CBD4EC412E85E9A46B1294361F2104E2D46,false,76,0.000009,0.017507
720D554E1CE7B5F36A27E8EB9E0C446EDD580DD15E0AAB7C46E8EB12BE170C51,DEVELOPMENT,4FE94852EDB8DA5E13719E9444C82B71DCC66355807D25C36132FF1658793304,6965AB0AF8CCE4DA5062D7DA1313D24BEF86B89DADEB63EA1E78EE9D0CD7B59B,false,58,0.000007,0.017507
83C37B5C6E92C9515F9456960E62208CEF94E5985871436E4E5464233C0EA6A0,DEVELOPMENT,45E03D7745D5A8E4CBFF92F8198DA62A8101349C54AEA3D151E139CFFF4715FF,3E877908660CB34C32296AA434EC2843DACFFC3273BAFAAEB1CBC595A26EC41D,false,53417,1.104034,4.464286
35784F288939B0D8F196CB8646314FE710549A870D08E33C8E974D21EABBA0D1,DEVELOPMENT,B36378759169AE81611FA667882534E0C93CC2A7567712610EDC729D8EE2325C,3CDC17FE605A290B8E926E06B47A2C8D0F02C5185306D66E6529DB7613201BB2,false,6,0.000001,0.017507
7943C6EB1641AD882AF8038E05B5F350A7FA8FBE6C2DF3DF90E9004412040FEF,HOLDOUT,9752BF64219A841684241F2ACAB61BC95C6568CD04AC50E5201F316990AA850F,73A730DCBCBA7BED8C4A08E891F2768CE41A0528DB7E0CE19FEF8953796B248A,false,78,0.000009,0.017507
122412579CB7F775A638F44BF40EACB229C173965B54C8B8FBC969D28DA6F2DC,HOLDOUT,13BE7127842E473D8AE615A32FFB4387C5CF62DB7484F0FFC7F0ACC7047A3A64,6F61C415148731143E61F5DEA44FD201EE8E6041142DF499DC8687F6BCF04A3E,false,102846,2.742349,4.464286
8AE4509AEFA61A7ABB180BC7A0514AD169E1E8047C07D7544D3D0CB800B4E3FC,HOLDOUT,6E5C3C6E6987F29EEBA83CC0F4306F747C4E51F36A74817EF12BC66596A5BB4B,E0EC691B161427BFD34A0978A8E3BE8C4F9D88D3DA3AAAB53815FDC50ECA79D1,false,30,0.000003,0.017507
FA8700C24DBDFE130D17A72C536CC9DCF1639DD4A8C5E313DB18605F70DAEED5,HOLDOUT,922E409FE888189C8B6731B97A043B613B5124AC8AB00C99E13E85DD9A57B9FC,5D0BBF500A3E72B3BB3D35C1838F86394BB94210BFB0D429159C097E1153959E,false,9,0.000001,0.017507
0EF37A45898658CCA6C6E9A3A57946875F92E0AC0AF3C602DA2E9086380F6AE4,HOLDOUT,117B0EE2AA76BAB79E82580811755B228568DFF61AF638FB6D2B47F468BA15C1,1FA8A9D4F0895370C38941549767AA665BE7BF456F33863D8EEB8E35D0974B76,false,1,0,0.017429
15ED536B42D37302D1DD306E1E2F9C46AA07C069EC3DE614660DA7B6ECE627C0,HOLDOUT,8641A8AEB1B907C8D21A6D5691C91586922D19A0F7DBFA3F139DFDEC42D34447,3A937B94362FD466F0CFC5B2F8B08C87D9F4AABAC3A705B017D4E3A12DE44356,false,22230,0.063365,3.681822
B6524C56C8E4C7F199F98CE0E2EBE84BEC72DA783A9E5A1DA9FC17505080F44F,HOLDOUT,AAE3F458B7706B0D05B7E988B2CFB6860C2E38CCACA8759C89B5EDF280DC0796,08BDD9E0923114671738CCFB97524393044F4ADEDB9CAF82C2E2017861ACF16E,false,6,0.000001,0.017507
D9AFAF729E3D7965CE69B7DA7477640EFE7CB3725C7753E3C22305D06BF77C6B,HOLDOUT,BBD307D6838F1AF9E2467113839363EBD9A63382EFE64123B73AC48C982B7474,64E92FA4FB903DEB3B99B0C4EE781E134A03E58F272C48E7B2AFD2B79C128BDD,false,4,0,0.017507
2D246A2651752808442383D814C806437999B4C22FD2E77D18BEDAF2AC6786AB,HOLDOUT,2C417046E8780C68079ED9047AB66E60E0000B6E13868BB298BE6C913D8E85C6,9716F3608F93F9C81E78F1C6D53BE9632D956D373F2E17D7D6D9800BC2935712,false,11,0.000001,0.017507
31371F0EA09BFB13ECAECD39B9C36CF70E4662CB0E31F2ABE26B8E74402003F5,HOLDOUT,19A1AA7882BB94D124FEFFC5A4864A615A9EB2FBC62F07EEE7534A2397457828,415A911BC57242D9801CB904452B61A791A018D2E1B19EE170E7E5BD39D76C1A,false,27,0.000003,0.017507
